certification_number,official_status,source,last_checked,notes
1401012551-001,Eligible for CGC holder review; investigation pending,https://www.cgccards.com/news/article/13730/,2026-08-16,The official notice publishes no item-level outcome or Not Genuine determination.
1401012551-002,Eligible for CGC holder review; investigation pending,https://www.cgccards.com/news/article/13730/,2026-08-16,The official notice publishes no item-level outcome or Not Genuine determination.
1401012551-003,Eligible for CGC holder review; investigation pending,https://www.cgccards.com/news/article/13730/,2026-08-16,The official notice publishes no item-level outcome or Not Genuine determination.
1401012551-004,Eligible for CGC holder review; investigation pending,https://www.cgccards.com/news/article/13730/,2026-08-16,The official notice publishes no item-level outcome or Not Genuine determination.
1401030136-001,Eligible for CGC holder review; investigation pending,https://www.cgccards.com/news/article/13730/,2026-08-16,The official notice publishes no item-level outcome or Not Genuine determination.
1401030136-002,Eligible for CGC holder review; investigation pending,https://www.cgccards.com/news/article/13730/,2026-08-16,The official notice publishes no item-level outcome or Not Genuine determination.
1401030136-003,Eligible for CGC holder review; investigation pending,https://www.cgccards.com/news/article/13730/,2026-08-16,The official notice publishes no item-level outcome or Not Genuine determination.
1401030831-009,Eligible for CGC holder review; investigation pending,https://www.cgccards.com/news/article/13730/,2026-08-16,The official notice publishes no item-level outcome or Not Genuine determination.
1401030831-010,Eligible for CGC holder review; investigation pending,https://www.cgccards.com/news/article/13730/,2026-08-16,The official notice publishes no item-level outcome or Not Genuine determination.
1401030831-011,Eligible for CGC holder review; investigation pending,https://www.cgccards.com/news/article/13730/,2026-08-16,The official notice publishes no item-level outcome or Not Genuine determination.
1401030831-012,Eligible for CGC holder review; investigation pending,https://www.cgccards.com/news/article/13730/,2026-08-16,The official notice publishes no item-level outcome or Not Genuine determination.
1401030937-001,Eligible for CGC holder review; investigation pending,https://www.cgccards.com/news/article/13730/,2026-08-16,The official notice publishes no item-level outcome or Not Genuine determination.
1401030937-002,Eligible for CGC holder review; investigation pending,https://www.cgccards.com/news/article/13730/,2026-08-16,The official notice publishes no item-level outcome or Not Genuine determination.
1401030937-003,Eligible for CGC holder review; investigation pending,https://www.cgccards.com/news/article/13730/,2026-08-16,The official notice publishes no item-level outcome or Not Genuine determination.
1401030937-004,Eligible for CGC holder review; investigation pending,https://www.cgccards.com/news/article/13730/,2026-08-16,The official notice publishes no item-level outcome or Not Genuine determination.
1401030937-005,Eligible for CGC holder review; investigation pending,https://www.cgccards.com/news/article/13730/,2026-08-16,The official notice publishes no item-level outcome or Not Genuine determination.
1401030937-006,Eligible for CGC holder review; investigation pending,https://www.cgccards.com/news/article/13730/,2026-08-16,The official notice publishes no item-level outcome or Not Genuine determination.
1401030937-007,Eligible for CGC holder review; investigation pending,https://www.cgccards.com/news/article/13730/,2026-08-16,The official notice publishes no item-level outcome or Not Genuine determination.
1401030937-008,Eligible for CGC holder review; investigation pending,https://www.cgccards.com/news/article/13730/,2026-08-16,The official notice publishes no item-level outcome or Not Genuine determination.
1401030937-009,Eligible for CGC holder review; investigation pending,https://www.cgccards.com/news/article/13730/,2026-08-16,The official notice publishes no item-level outcome or Not Genuine determination.
1401030937-010,Eligible for CGC holder review; investigation pending,https://www.cgccards.com/news/article/13730/,2026-08-16,The official notice publishes no item-level outcome or Not Genuine determination.
1401030937-011,Eligible for CGC holder review; investigation pending,https://www.cgccards.com/news/article/13730/,2026-08-16,The official notice publishes no item-level outcome or Not Genuine determination.
1401030937-012,Eligible for CGC holder review; investigation pending,https://www.cgccards.com/news/article/13730/,2026-08-16,The official notice publishes no item-level outcome or Not Genuine determination.
1401030937-013,Eligible for CGC holder review; investigation pending,https://www.cgccards.com/news/article/13730/,2026-08-16,The official notice publishes no item-level outcome or Not Genuine determination.
1401030937-014,Eligible for CGC holder review; investigation pending,https://www.cgccards.com/news/article/13730/,2026-08-16,The official notice publishes no item-level outcome or Not Genuine determination.
1401030937-015,Eligible for CGC holder review; investigation pending,https://www.cgccards.com/news/article/13730/,2026-08-16,The official notice publishes no item-level outcome or Not Genuine determination.
1401030937-016,Eligible for CGC holder review; investigation pending,https://www.cgccards.com/news/article/13730/,2026-08-16,The official notice publishes no item-level outcome or Not Genuine determination.
1401030937-017,Eligible for CGC holder review; investigation pending,https://www.cgccards.com/news/article/13730/,2026-08-16,The official notice publishes no item-level outcome or Not Genuine determination.
1401030937-018,Eligible for CGC holder review; investigation pending,https://www.cgccards.com/news/article/13730/,2026-08-16,The official notice publishes no item-level outcome or Not Genuine determination.
1401030937-019,Eligible for CGC holder review; investigation pending,https://www.cgccards.com/news/article/13730/,2026-08-16,The official notice publishes no item-level outcome or Not Genuine determination.
1401030937-020,Eligible for CGC holder review; investigation pending,https://www.cgccards.com/news/article/13730/,2026-08-16,The official notice publishes no item-level outcome or Not Genuine determination.
1401030937-021,Eligible for CGC holder review; investigation pending,https://www.cgccards.com/news/article/13730/,2026-08-16,The official notice publishes no item-level outcome or Not Genuine determination.
1401030937-022,Eligible for CGC holder review; investigation pending,https://www.cgccards.com/news/article/13730/,2026-08-16,The official notice publishes no item-level outcome or Not Genuine determination.
1401030937-023,Eligible for CGC holder review; investigation pending,https://www.cgccards.com/news/article/13730/,2026-08-16,The official notice publishes no item-level outcome or Not Genuine determination.
1401030937-024,Eligible for CGC holder review; investigation pending,https://www.cgccards.com/news/article/13730/,2026-08-16,The official notice publishes no item-level outcome or Not Genuine determination.
1401030937-025,Eligible for CGC holder review; investigation pending,https://www.cgccards.com/news/article/13730/,2026-08-16,The official notice publishes no item-level outcome or Not Genuine determination.
1401030937-026,Eligible for CGC holder review; investigation pending,https://www.cgccards.com/news/article/13730/,2026-08-16,The official notice publishes no item-level outcome or Not Genuine determination.
1401030937-027,Eligible for CGC holder review; investigation pending,https://www.cgccards.com/news/article/13730/,2026-08-16,The official notice publishes no item-level outcome or Not Genuine determination.
1401030937-028,Eligible for CGC holder review; investigation pending,https://www.cgccards.com/news/article/13730/,2026-08-16,The official notice publishes no item-level outcome or Not Genuine determination.
1401030937-029,Eligible for CGC holder review; investigation pending,https://www.cgccards.com/news/article/13730/,2026-08-16,The official notice publishes no item-level outcome or Not Genuine determination.
1401030937-030,Eligible for CGC holder review; investigation pending,https://www.cgccards.com/news/article/13730/,2026-08-16,The official notice publishes no item-level outcome or Not Genuine determination.
1401030937-031,Eligible for CGC holder review; investigation pending,https://www.cgccards.com/news/article/13730/,2026-08-16,The official notice publishes no item-level outcome or Not Genuine determination.
1401030937-032,Eligible for CGC holder review; investigation pending,https://www.cgccards.com/news/article/13730/,2026-08-16,The official notice publishes no item-level outcome or Not Genuine determination.
1401030937-033,Eligible for CGC holder review; investigation pending,https://www.cgccards.com/news/article/13730/,2026-08-16,The official notice publishes no item-level outcome or Not Genuine determination.
1401030937-034,Eligible for CGC holder review; investigation pending,https://www.cgccards.com/news/article/13730/,2026-08-16,The official notice publishes no item-level outcome or Not Genuine determination.
1401030937-035,Eligible for CGC holder review; investigation pending,https://www.cgccards.com/news/article/13730/,2026-08-16,The official notice publishes no item-level outcome or Not Genuine determination.
1401030937-036,Eligible for CGC holder review; investigation pending,https://www.cgccards.com/news/article/13730/,2026-08-16,The official notice publishes no item-level outcome or Not Genuine determination.
1401030937-037,Eligible for CGC holder review; investigation pending,https://www.cgccards.com/news/article/13730/,2026-08-16,The official notice publishes no item-level outcome or Not Genuine determination.
1401030937-038,Eligible for CGC holder review; investigation pending,https://www.cgccards.com/news/article/13730/,2026-08-16,The official notice publishes no item-level outcome or Not Genuine determination.
1401030937-039,Eligible for CGC holder review; investigation pending,https://www.cgccards.com/news/article/13730/,2026-08-16,The official notice publishes no item-level outcome or Not Genuine determination.
1401030937-040,Eligible for CGC holder review; investigation pending,https://www.cgccards.com/news/article/13730/,2026-08-16,The official notice publishes no item-level outcome or Not Genuine determination.
1401030937-041,Eligible for CGC holder review; investigation pending,https://www.cgccards.com/news/article/13730/,2026-08-16,The official notice publishes no item-level outcome or Not Genuine determination.
1401030937-042,Eligible for CGC holder review; investigation pending,https://www.cgccards.com/news/article/13730/,2026-08-16,The official notice publishes no item-level outcome or Not Genuine determination.
1401030937-043,Eligible for CGC holder review; investigation pending,https://www.cgccards.com/news/article/13730/,2026-08-16,The official notice publishes no item-level outcome or Not Genuine determination.
1401030937-044,Eligible for CGC holder review; investigation pending,https://www.cgccards.com/news/article/13730/,2026-08-16,The official notice publishes no item-level outcome or Not Genuine determination.
1401030937-045,Eligible for CGC holder review; investigation pending,https://www.cgccards.com/news/article/13730/,2026-08-16,The official notice publishes no item-level outcome or Not Genuine determination.
1401030937-046,Eligible for CGC holder review; investigation pending,https://www.cgccards.com/news/article/13730/,2026-08-16,The official notice publishes no item-level outcome or Not Genuine determination.
1401030937-047,Eligible for CGC holder review; investigation pending,https://www.cgccards.com/news/article/13730/,2026-08-16,The official notice publishes no item-level outcome or Not Genuine determination.
1401030937-048,Eligible for CGC holder review; investigation pending,https://www.cgccards.com/news/article/13730/,2026-08-16,The official notice publishes no item-level outcome or Not Genuine determination.
1401030937-049,Eligible for CGC holder review; investigation pending,https://www.cgccards.com/news/article/13730/,2026-08-16,The official notice publishes no item-level outcome or Not Genuine determination.
1401030937-050,Eligible for CGC holder review; investigation pending,https://www.cgccards.com/news/article/13730/,2026-08-16,The official notice publishes no item-level outcome or Not Genuine determination.
1401030937-051,Eligible for CGC holder review; investigation pending,https://www.cgccards.com/news/article/13730/,2026-08-16,The official notice publishes no item-level outcome or Not Genuine determination.
1401030937-052,Eligible for CGC holder review; investigation pending,https://www.cgccards.com/news/article/13730/,2026-08-16,The official notice publishes no item-level outcome or Not Genuine determination.
1401030937-053,Eligible for CGC holder review; investigation pending,https://www.cgccards.com/news/article/13730/,2026-08-16,The official notice publishes no item-level outcome or Not Genuine determination.
1401030937-054,Eligible for CGC holder review; investigation pending,https://www.cgccards.com/news/article/13730/,2026-08-16,The official notice publishes no item-level outcome or Not Genuine determination.
1401030937-055,Eligible for CGC holder review; investigation pending,https://www.cgccards.com/news/article/13730/,2026-08-16,The official notice publishes no item-level outcome or Not Genuine determination.
1401030937-056,Eligible for CGC holder review; investigation pending,https://www.cgccards.com/news/article/13730/,2026-08-16,The official notice publishes no item-level outcome or Not Genuine determination.
1401030937-057,Eligible for CGC holder review; investigation pending,https://www.cgccards.com/news/article/13730/,2026-08-16,The official notice publishes no item-level outcome or Not Genuine determination.
1401030937-058,Eligible for CGC holder review; investigation pending,https://www.cgccards.com/news/article/13730/,2026-08-16,The official notice publishes no item-level outcome or Not Genuine determination.
1401030937-059,Eligible for CGC holder review; investigation pending,https://www.cgccards.com/news/article/13730/,2026-08-16,The official notice publishes no item-level outcome or Not Genuine determination.
1401030937-060,Eligible for CGC holder review; investigation pending,https://www.cgccards.com/news/article/13730/,2026-08-16,The official notice publishes no item-level outcome or Not Genuine determination.
1401030937-061,Eligible for CGC holder review; investigation pending,https://www.cgccards.com/news/article/13730/,2026-08-16,The official notice publishes no item-level outcome or Not Genuine determination.
1401030937-062,Eligible for CGC holder review; investigation pending,https://www.cgccards.com/news/article/13730/,2026-08-16,The official notice publishes no item-level outcome or Not Genuine determination.
1401030937-063,Eligible for CGC holder review; investigation pending,https://www.cgccards.com/news/article/13730/,2026-08-16,The official notice publishes no item-level outcome or Not Genuine determination.
1401030937-064,Eligible for CGC holder review; investigation pending,https://www.cgccards.com/news/article/13730/,2026-08-16,The official notice publishes no item-level outcome or Not Genuine determination.
1401030937-065,Eligible for CGC holder review; investigation pending,https://www.cgccards.com/news/article/13730/,2026-08-16,The official notice publishes no item-level outcome or Not Genuine determination.
1401030937-066,Eligible for CGC holder review; investigation pending,https://www.cgccards.com/news/article/13730/,2026-08-16,The official notice publishes no item-level outcome or Not Genuine determination.
1401030937-067,Eligible for CGC holder review; investigation pending,https://www.cgccards.com/news/article/13730/,2026-08-16,The official notice publishes no item-level outcome or Not Genuine determination.
1401030937-068,Eligible for CGC holder review; investigation pending,https://www.cgccards.com/news/article/13730/,2026-08-16,The official notice publishes no item-level outcome or Not Genuine determination.
1401030937-069,Eligible for CGC holder review; investigation pending,https://www.cgccards.com/news/article/13730/,2026-08-16,The official notice publishes no item-level outcome or Not Genuine determination.
1401030937-070,Eligible for CGC holder review; investigation pending,https://www.cgccards.com/news/article/13730/,2026-08-16,The official notice publishes no item-level outcome or Not Genuine determination.
1401030937-071,Eligible for CGC holder review; investigation pending,https://www.cgccards.com/news/article/13730/,2026-08-16,The official notice publishes no item-level outcome or Not Genuine determination.
1401030937-072,Eligible for CGC holder review; investigation pending,https://www.cgccards.com/news/article/13730/,2026-08-16,The official notice publishes no item-level outcome or Not Genuine determination.
1401030937-073,Eligible for CGC holder review; investigation pending,https://www.cgccards.com/news/article/13730/,2026-08-16,The official notice publishes no item-level outcome or Not Genuine determination.
1401030937-074,Eligible for CGC holder review; investigation pending,https://www.cgccards.com/news/article/13730/,2026-08-16,The official notice publishes no item-level outcome or Not Genuine determination.
1401030937-075,Eligible for CGC holder review; investigation pending,https://www.cgccards.com/news/article/13730/,2026-08-16,The official notice publishes no item-level outcome or Not Genuine determination.
1401030937-076,Eligible for CGC holder review; investigation pending,https://www.cgccards.com/news/article/13730/,2026-08-16,The official notice publishes no item-level outcome or Not Genuine determination.
1401030937-077,Eligible for CGC holder review; investigation pending,https://www.cgccards.com/news/article/13730/,2026-08-16,The official notice publishes no item-level outcome or Not Genuine determination.
1401030937-078,Eligible for CGC holder review; investigation pending,https://www.cgccards.com/news/article/13730/,2026-08-16,The official notice publishes no item-level outcome or Not Genuine determination.
1401030937-079,Eligible for CGC holder review; investigation pending,https://www.cgccards.com/news/article/13730/,2026-08-16,The official notice publishes no item-level outcome or Not Genuine determination.
1401030937-080,Eligible for CGC holder review; investigation pending,https://www.cgccards.com/news/article/13730/,2026-08-16,The official notice publishes no item-level outcome or Not Genuine determination.
1401030937-081,Eligible for CGC holder review; investigation pending,https://www.cgccards.com/news/article/13730/,2026-08-16,The official notice publishes no item-level outcome or Not Genuine determination.
1401030938-001,Eligible for CGC holder review; investigation pending,https://www.cgccards.com/news/article/13730/,2026-08-16,The official notice publishes no item-level outcome or Not Genuine determination.
1401030938-002,Eligible for CGC holder review; investigation pending,https://www.cgccards.com/news/article/13730/,2026-08-16,The official notice publishes no item-level outcome or Not Genuine determination.
1401030938-003,Eligible for CGC holder review; investigation pending,https://www.cgccards.com/news/article/13730/,2026-08-16,The official notice publishes no item-level outcome or Not Genuine determination.
1401030938-004,Eligible for CGC holder review; investigation pending,https://www.cgccards.com/news/article/13730/,2026-08-16,The official notice publishes no item-level outcome or Not Genuine determination.
1401030938-005,Eligible for CGC holder review; investigation pending,https://www.cgccards.com/news/article/13730/,2026-08-16,The official notice publishes no item-level outcome or Not Genuine determination.
1401030938-006,Eligible for CGC holder review; investigation pending,https://www.cgccards.com/news/article/13730/,2026-08-16,The official notice publishes no item-level outcome or Not Genuine determination.
1401030938-007,Eligible for CGC holder review; investigation pending,https://www.cgccards.com/news/article/13730/,2026-08-16,The official notice publishes no item-level outcome or Not Genuine determination.
1401030938-008,Eligible for CGC holder review; investigation pending,https://www.cgccards.com/news/article/13730/,2026-08-16,The official notice publishes no item-level outcome or Not Genuine determination.
1401030938-009,Eligible for CGC holder review; investigation pending,https://www.cgccards.com/news/article/13730/,2026-08-16,The official notice publishes no item-level outcome or Not Genuine determination.
1401030938-010,Eligible for CGC holder review; investigation pending,https://www.cgccards.com/news/article/13730/,2026-08-16,The official notice publishes no item-level outcome or Not Genuine determination.
1401030938-011,Eligible for CGC holder review; investigation pending,https://www.cgccards.com/news/article/13730/,2026-08-16,The official notice publishes no item-level outcome or Not Genuine determination.
1401030938-012,Eligible for CGC holder review; investigation pending,https://www.cgccards.com/news/article/13730/,2026-08-16,The official notice publishes no item-level outcome or Not Genuine determination.
1401030938-013,Eligible for CGC holder review; investigation pending,https://www.cgccards.com/news/article/13730/,2026-08-16,The official notice publishes no item-level outcome or Not Genuine determination.
1401030938-014,Eligible for CGC holder review; investigation pending,https://www.cgccards.com/news/article/13730/,2026-08-16,The official notice publishes no item-level outcome or Not Genuine determination.
1401030938-015,Eligible for CGC holder review; investigation pending,https://www.cgccards.com/news/article/13730/,2026-08-16,The official notice publishes no item-level outcome or Not Genuine determination.
1401030938-016,Eligible for CGC holder review; investigation pending,https://www.cgccards.com/news/article/13730/,2026-08-16,The official notice publishes no item-level outcome or Not Genuine determination.
1401030938-017,Eligible for CGC holder review; investigation pending,https://www.cgccards.com/news/article/13730/,2026-08-16,The official notice publishes no item-level outcome or Not Genuine determination.
1401030938-018,Eligible for CGC holder review; investigation pending,https://www.cgccards.com/news/article/13730/,2026-08-16,The official notice publishes no item-level outcome or Not Genuine determination.
1401030938-019,Eligible for CGC holder review; investigation pending,https://www.cgccards.com/news/article/13730/,2026-08-16,The official notice publishes no item-level outcome or Not Genuine determination.
1401030938-020,Eligible for CGC holder review; investigation pending,https://www.cgccards.com/news/article/13730/,2026-08-16,The official notice publishes no item-level outcome or Not Genuine determination.
1401030938-021,Eligible for CGC holder review; investigation pending,https://www.cgccards.com/news/article/13730/,2026-08-16,The official notice publishes no item-level outcome or Not Genuine determination.
1401030938-022,Eligible for CGC holder review; investigation pending,https://www.cgccards.com/news/article/13730/,2026-08-16,The official notice publishes no item-level outcome or Not Genuine determination.
1401030938-023,Eligible for CGC holder review; investigation pending,https://www.cgccards.com/news/article/13730/,2026-08-16,The official notice publishes no item-level outcome or Not Genuine determination.
1401030938-024,Eligible for CGC holder review; investigation pending,https://www.cgccards.com/news/article/13730/,2026-08-16,The official notice publishes no item-level outcome or Not Genuine determination.
1401030938-025,Eligible for CGC holder review; investigation pending,https://www.cgccards.com/news/article/13730/,2026-08-16,The official notice publishes no item-level outcome or Not Genuine determination.
1401030938-026,Eligible for CGC holder review; investigation pending,https://www.cgccards.com/news/article/13730/,2026-08-16,The official notice publishes no item-level outcome or Not Genuine determination.
1401036913-001,Eligible for CGC holder review; investigation pending,https://www.cgccards.com/news/article/13730/,2026-08-16,The official notice publishes no item-level outcome or Not Genuine determination.
1401036913-002,Eligible for CGC holder review; investigation pending,https://www.cgccards.com/news/article/13730/,2026-08-16,The official notice publishes no item-level outcome or Not Genuine determination.
1401036913-003,Eligible for CGC holder review; investigation pending,https://www.cgccards.com/news/article/13730/,2026-08-16,The official notice publishes no item-level outcome or Not Genuine determination.
1401036913-004,Eligible for CGC holder review; investigation pending,https://www.cgccards.com/news/article/13730/,2026-08-16,The official notice publishes no item-level outcome or Not Genuine determination.
1401036913-005,Eligible for CGC holder review; investigation pending,https://www.cgccards.com/news/article/13730/,2026-08-16,The official notice publishes no item-level outcome or Not Genuine determination.
1401036913-006,Eligible for CGC holder review; investigation pending,https://www.cgccards.com/news/article/13730/,2026-08-16,The official notice publishes no item-level outcome or Not Genuine determination.
1401036913-007,Eligible for CGC holder review; investigation pending,https://www.cgccards.com/news/article/13730/,2026-08-16,The official notice publishes no item-level outcome or Not Genuine determination.
1401036913-008,Eligible for CGC holder review; investigation pending,https://www.cgccards.com/news/article/13730/,2026-08-16,The official notice publishes no item-level outcome or Not Genuine determination.
1401036913-009,Eligible for CGC holder review; investigation pending,https://www.cgccards.com/news/article/13730/,2026-08-16,The official notice publishes no item-level outcome or Not Genuine determination.
1401036913-010,Eligible for CGC holder review; investigation pending,https://www.cgccards.com/news/article/13730/,2026-08-16,The official notice publishes no item-level outcome or Not Genuine determination.
1401036913-011,Eligible for CGC holder review; investigation pending,https://www.cgccards.com/news/article/13730/,2026-08-16,The official notice publishes no item-level outcome or Not Genuine determination.
1401036913-012,Eligible for CGC holder review; investigation pending,https://www.cgccards.com/news/article/13730/,2026-08-16,The official notice publishes no item-level outcome or Not Genuine determination.
1401036913-013,Eligible for CGC holder review; investigation pending,https://www.cgccards.com/news/article/13730/,2026-08-16,The official notice publishes no item-level outcome or Not Genuine determination.
1401036913-014,Eligible for CGC holder review; investigation pending,https://www.cgccards.com/news/article/13730/,2026-08-16,The official notice publishes no item-level outcome or Not Genuine determination.
1401036913-015,Eligible for CGC holder review; investigation pending,https://www.cgccards.com/news/article/13730/,2026-08-16,The official notice publishes no item-level outcome or Not Genuine determination.
1401036913-016,Eligible for CGC holder review; investigation pending,https://www.cgccards.com/news/article/13730/,2026-08-16,The official notice publishes no item-level outcome or Not Genuine determination.
1401036913-017,Eligible for CGC holder review; investigation pending,https://www.cgccards.com/news/article/13730/,2026-08-16,The official notice publishes no item-level outcome or Not Genuine determination.
1401036913-018,Eligible for CGC holder review; investigation pending,https://www.cgccards.com/news/article/13730/,2026-08-16,The official notice publishes no item-level outcome or Not Genuine determination.
1401036913-019,Eligible for CGC holder review; investigation pending,https://www.cgccards.com/news/article/13730/,2026-08-16,The official notice publishes no item-level outcome or Not Genuine determination.
1401036913-020,Eligible for CGC holder review; investigation pending,https://www.cgccards.com/news/article/13730/,2026-08-16,The official notice publishes no item-level outcome or Not Genuine determination.
1401036913-021,Eligible for CGC holder review; investigation pending,https://www.cgccards.com/news/article/13730/,2026-08-16,The official notice publishes no item-level outcome or Not Genuine determination.
1401036913-022,Eligible for CGC holder review; investigation pending,https://www.cgccards.com/news/article/13730/,2026-08-16,The official notice publishes no item-level outcome or Not Genuine determination.
1401036913-023,Eligible for CGC holder review; investigation pending,https://www.cgccards.com/news/article/13730/,2026-08-16,The official notice publishes no item-level outcome or Not Genuine determination.
1401036913-024,Eligible for CGC holder review; investigation pending,https://www.cgccards.com/news/article/13730/,2026-08-16,The official notice publishes no item-level outcome or Not Genuine determination.
1401036913-025,Eligible for CGC holder review; investigation pending,https://www.cgccards.com/news/article/13730/,2026-08-16,The official notice publishes no item-level outcome or Not Genuine determination.
1401036913-026,Eligible for CGC holder review; investigation pending,https://www.cgccards.com/news/article/13730/,2026-08-16,The official notice publishes no item-level outcome or Not Genuine determination.
1401036913-027,Eligible for CGC holder review; investigation pending,https://www.cgccards.com/news/article/13730/,2026-08-16,The official notice publishes no item-level outcome or Not Genuine determination.
1401036913-028,Eligible for CGC holder review; investigation pending,https://www.cgccards.com/news/article/13730/,2026-08-16,The official notice publishes no item-level outcome or Not Genuine determination.
1401036913-029,Eligible for CGC holder review; investigation pending,https://www.cgccards.com/news/article/13730/,2026-08-16,The official notice publishes no item-level outcome or Not Genuine determination.
1401036913-030,Eligible for CGC holder review; investigation pending,https://www.cgccards.com/news/article/13730/,2026-08-16,The official notice publishes no item-level outcome or Not Genuine determination.
1401036913-031,Eligible for CGC holder review; investigation pending,https://www.cgccards.com/news/article/13730/,2026-08-16,The official notice publishes no item-level outcome or Not Genuine determination.
1401036913-032,Eligible for CGC holder review; investigation pending,https://www.cgccards.com/news/article/13730/,2026-08-16,The official notice publishes no item-level outcome or Not Genuine determination.
1401036913-033,Eligible for CGC holder review; investigation pending,https://www.cgccards.com/news/article/13730/,2026-08-16,The official notice publishes no item-level outcome or Not Genuine determination.
1401036913-034,Eligible for CGC holder review; investigation pending,https://www.cgccards.com/news/article/13730/,2026-08-16,The official notice publishes no item-level outcome or Not Genuine determination.
1401036913-035,Eligible for CGC holder review; investigation pending,https://www.cgccards.com/news/article/13730/,2026-08-16,The official notice publishes no item-level outcome or Not Genuine determination.
1401036913-036,Eligible for CGC holder review; investigation pending,https://www.cgccards.com/news/article/13730/,2026-08-16,The official notice publishes no item-level outcome or Not Genuine determination.
1401036913-037,Eligible for CGC holder review; investigation pending,https://www.cgccards.com/news/article/13730/,2026-08-16,The official notice publishes no item-level outcome or Not Genuine determination.
1401036913-038,Eligible for CGC holder review; investigation pending,https://www.cgccards.com/news/article/13730/,2026-08-16,The official notice publishes no item-level outcome or Not Genuine determination.
1401036913-039,Eligible for CGC holder review; investigation pending,https://www.cgccards.com/news/article/13730/,2026-08-16,The official notice publishes no item-level outcome or Not Genuine determination.
1401036913-040,Eligible for CGC holder review; investigation pending,https://www.cgccards.com/news/article/13730/,2026-08-16,The official notice publishes no item-level outcome or Not Genuine determination.
1401036913-041,Eligible for CGC holder review; investigation pending,https://www.cgccards.com/news/article/13730/,2026-08-16,The official notice publishes no item-level outcome or Not Genuine determination.
1401036913-042,Eligible for CGC holder review; investigation pending,https://www.cgccards.com/news/article/13730/,2026-08-16,The official notice publishes no item-level outcome or Not Genuine determination.
1401036913-043,Eligible for CGC holder review; investigation pending,https://www.cgccards.com/news/article/13730/,2026-08-16,The official notice publishes no item-level outcome or Not Genuine determination.
1401036913-044,Eligible for CGC holder review; investigation pending,https://www.cgccards.com/news/article/13730/,2026-08-16,The official notice publishes no item-level outcome or Not Genuine determination.
1401036913-045,Eligible for CGC holder review; investigation pending,https://www.cgccards.com/news/article/13730/,2026-08-16,The official notice publishes no item-level outcome or Not Genuine determination.
1401036913-046,Eligible for CGC holder review; investigation pending,https://www.cgccards.com/news/article/13730/,2026-08-16,The official notice publishes no item-level outcome or Not Genuine determination.
1401036913-047,Eligible for CGC holder review; investigation pending,https://www.cgccards.com/news/article/13730/,2026-08-16,The official notice publishes no item-level outcome or Not Genuine determination.
1401036913-048,Eligible for CGC holder review; investigation pending,https://www.cgccards.com/news/article/13730/,2026-08-16,The official notice publishes no item-level outcome or Not Genuine determination.
1401036913-049,Eligible for CGC holder review; investigation pending,https://www.cgccards.com/news/article/13730/,2026-08-16,The official notice publishes no item-level outcome or Not Genuine determination.
1401036913-050,Eligible for CGC holder review; investigation pending,https://www.cgccards.com/news/article/13730/,2026-08-16,The official notice publishes no item-level outcome or Not Genuine determination.
1401036913-051,Eligible for CGC holder review; investigation pending,https://www.cgccards.com/news/article/13730/,2026-08-16,The official notice publishes no item-level outcome or Not Genuine determination.
1401036913-052,Eligible for CGC holder review; investigation pending,https://www.cgccards.com/news/article/13730/,2026-08-16,The official notice publishes no item-level outcome or Not Genuine determination.
1401036913-053,Eligible for CGC holder review; investigation pending,https://www.cgccards.com/news/article/13730/,2026-08-16,The official notice publishes no item-level outcome or Not Genuine determination.
1401036913-054,Eligible for CGC holder review; investigation pending,https://www.cgccards.com/news/article/13730/,2026-08-16,The official notice publishes no item-level outcome or Not Genuine determination.
1401036913-055,Eligible for CGC holder review; investigation pending,https://www.cgccards.com/news/article/13730/,2026-08-16,The official notice publishes no item-level outcome or Not Genuine determination.
1401036913-056,Eligible for CGC holder review; investigation pending,https://www.cgccards.com/news/article/13730/,2026-08-16,The official notice publishes no item-level outcome or Not Genuine determination.
1401036913-057,Eligible for CGC holder review; investigation pending,https://www.cgccards.com/news/article/13730/,2026-08-16,The official notice publishes no item-level outcome or Not Genuine determination.
1401036913-058,Eligible for CGC holder review; investigation pending,https://www.cgccards.com/news/article/13730/,2026-08-16,The official notice publishes no item-level outcome or Not Genuine determination.
1401036913-059,Eligible for CGC holder review; investigation pending,https://www.cgccards.com/news/article/13730/,2026-08-16,The official notice publishes no item-level outcome or Not Genuine determination.
1401036913-060,Eligible for CGC holder review; investigation pending,https://www.cgccards.com/news/article/13730/,2026-08-16,The official notice publishes no item-level outcome or Not Genuine determination.
1401036913-061,Eligible for CGC holder review; investigation pending,https://www.cgccards.com/news/article/13730/,2026-08-16,The official notice publishes no item-level outcome or Not Genuine determination.
1401036913-062,Eligible for CGC holder review; investigation pending,https://www.cgccards.com/news/article/13730/,2026-08-16,The official notice publishes no item-level outcome or Not Genuine determination.
1401036913-063,Eligible for CGC holder review; investigation pending,https://www.cgccards.com/news/article/13730/,2026-08-16,The official notice publishes no item-level outcome or Not Genuine determination.
1401036913-064,Eligible for CGC holder review; investigation pending,https://www.cgccards.com/news/article/13730/,2026-08-16,The official notice publishes no item-level outcome or Not Genuine determination.
1401036913-065,Eligible for CGC holder review; investigation pending,https://www.cgccards.com/news/article/13730/,2026-08-16,The official notice publishes no item-level outcome or Not Genuine determination.
1401036913-066,Eligible for CGC holder review; investigation pending,https://www.cgccards.com/news/article/13730/,2026-08-16,The official notice publishes no item-level outcome or Not Genuine determination.
1401036913-067,Eligible for CGC holder review; investigation pending,https://www.cgccards.com/news/article/13730/,2026-08-16,The official notice publishes no item-level outcome or Not Genuine determination.
1401036913-068,Eligible for CGC holder review; investigation pending,https://www.cgccards.com/news/article/13730/,2026-08-16,The official notice publishes no item-level outcome or Not Genuine determination.
1401036913-069,Eligible for CGC holder review; investigation pending,https://www.cgccards.com/news/article/13730/,2026-08-16,The official notice publishes no item-level outcome or Not Genuine determination.
1401036913-070,Eligible for CGC holder review; investigation pending,https://www.cgccards.com/news/article/13730/,2026-08-16,The official notice publishes no item-level outcome or Not Genuine determination.
1401036913-071,Eligible for CGC holder review; investigation pending,https://www.cgccards.com/news/article/13730/,2026-08-16,The official notice publishes no item-level outcome or Not Genuine determination.
1401036913-072,Eligible for CGC holder review; investigation pending,https://www.cgccards.com/news/article/13730/,2026-08-16,The official notice publishes no item-level outcome or Not Genuine determination.
1401036913-073,Eligible for CGC holder review; investigation pending,https://www.cgccards.com/news/article/13730/,2026-08-16,The official notice publishes no item-level outcome or Not Genuine determination.
1401036913-074,Eligible for CGC holder review; investigation pending,https://www.cgccards.com/news/article/13730/,2026-08-16,The official notice publishes no item-level outcome or Not Genuine determination.
1401036913-075,Eligible for CGC holder review; investigation pending,https://www.cgccards.com/news/article/13730/,2026-08-16,The official notice publishes no item-level outcome or Not Genuine determination.
1401036913-076,Eligible for CGC holder review; investigation pending,https://www.cgccards.com/news/article/13730/,2026-08-16,The official notice publishes no item-level outcome or Not Genuine determination.
1401036913-077,Eligible for CGC holder review; investigation pending,https://www.cgccards.com/news/article/13730/,2026-08-16,The official notice publishes no item-level outcome or Not Genuine determination.
1401036913-078,Eligible for CGC holder review; investigation pending,https://www.cgccards.com/news/article/13730/,2026-08-16,The official notice publishes no item-level outcome or Not Genuine determination.
1401036913-079,Eligible for CGC holder review; investigation pending,https://www.cgccards.com/news/article/13730/,2026-08-16,The official notice publishes no item-level outcome or Not Genuine determination.
1401036913-080,Eligible for CGC holder review; investigation pending,https://www.cgccards.com/news/article/13730/,2026-08-16,The official notice publishes no item-level outcome or Not Genuine determination.
1401036913-081,Eligible for CGC holder review; investigation pending,https://www.cgccards.com/news/article/13730/,2026-08-16,The official notice publishes no item-level outcome or Not Genuine determination.
1401036913-082,Eligible for CGC holder review; investigation pending,https://www.cgccards.com/news/article/13730/,2026-08-16,The official notice publishes no item-level outcome or Not Genuine determination.
1401036918-001,Eligible for CGC holder review; investigation pending,https://www.cgccards.com/news/article/13730/,2026-08-16,The official notice publishes no item-level outcome or Not Genuine determination.
1401036918-002,Eligible for CGC holder review; investigation pending,https://www.cgccards.com/news/article/13730/,2026-08-16,The official notice publishes no item-level outcome or Not Genuine determination.
1401036918-003,Eligible for CGC holder review; investigation pending,https://www.cgccards.com/news/article/13730/,2026-08-16,The official notice publishes no item-level outcome or Not Genuine determination.
1401036918-004,Eligible for CGC holder review; investigation pending,https://www.cgccards.com/news/article/13730/,2026-08-16,The official notice publishes no item-level outcome or Not Genuine determination.
1401036918-005,Eligible for CGC holder review; investigation pending,https://www.cgccards.com/news/article/13730/,2026-08-16,The official notice publishes no item-level outcome or Not Genuine determination.
1401036918-006,Eligible for CGC holder review; investigation pending,https://www.cgccards.com/news/article/13730/,2026-08-16,The official notice publishes no item-level outcome or Not Genuine determination.
1401036918-007,Eligible for CGC holder review; investigation pending,https://www.cgccards.com/news/article/13730/,2026-08-16,The official notice publishes no item-level outcome or Not Genuine determination.
1401036918-008,Eligible for CGC holder review; investigation pending,https://www.cgccards.com/news/article/13730/,2026-08-16,The official notice publishes no item-level outcome or Not Genuine determination.
1401036918-009,Eligible for CGC holder review; investigation pending,https://www.cgccards.com/news/article/13730/,2026-08-16,The official notice publishes no item-level outcome or Not Genuine determination.
1401036918-012,Eligible for CGC holder review; investigation pending,https://www.cgccards.com/news/article/13730/,2026-08-16,The official notice publishes no item-level outcome or Not Genuine determination.
1401036918-013,Eligible for CGC holder review; investigation pending,https://www.cgccards.com/news/article/13730/,2026-08-16,The official notice publishes no item-level outcome or Not Genuine determination.
1401036918-014,Eligible for CGC holder review; investigation pending,https://www.cgccards.com/news/article/13730/,2026-08-16,The official notice publishes no item-level outcome or Not Genuine determination.
1401036918-015,Eligible for CGC holder review; investigation pending,https://www.cgccards.com/news/article/13730/,2026-08-16,The official notice publishes no item-level outcome or Not Genuine determination.
1401036918-016,Eligible for CGC holder review; investigation pending,https://www.cgccards.com/news/article/13730/,2026-08-16,The official notice publishes no item-level outcome or Not Genuine determination.
1401036918-017,Eligible for CGC holder review; investigation pending,https://www.cgccards.com/news/article/13730/,2026-08-16,The official notice publishes no item-level outcome or Not Genuine determination.
1401036918-018,Eligible for CGC holder review; investigation pending,https://www.cgccards.com/news/article/13730/,2026-08-16,The official notice publishes no item-level outcome or Not Genuine determination.
1401036918-019,Eligible for CGC holder review; investigation pending,https://www.cgccards.com/news/article/13730/,2026-08-16,The official notice publishes no item-level outcome or Not Genuine determination.
1401036918-020,Eligible for CGC holder review; investigation pending,https://www.cgccards.com/news/article/13730/,2026-08-16,The official notice publishes no item-level outcome or Not Genuine determination.
1401036918-021,Eligible for CGC holder review; investigation pending,https://www.cgccards.com/news/article/13730/,2026-08-16,The official notice publishes no item-level outcome or Not Genuine determination.
1401036918-022,Eligible for CGC holder review; investigation pending,https://www.cgccards.com/news/article/13730/,2026-08-16,The official notice publishes no item-level outcome or Not Genuine determination.
1401036918-023,Eligible for CGC holder review; investigation pending,https://www.cgccards.com/news/article/13730/,2026-08-16,The official notice publishes no item-level outcome or Not Genuine determination.
1401036918-024,Eligible for CGC holder review; investigation pending,https://www.cgccards.com/news/article/13730/,2026-08-16,The official notice publishes no item-level outcome or Not Genuine determination.
1401036918-025,Eligible for CGC holder review; investigation pending,https://www.cgccards.com/news/article/13730/,2026-08-16,The official notice publishes no item-level outcome or Not Genuine determination.
1401036918-026,Eligible for CGC holder review; investigation pending,https://www.cgccards.com/news/article/13730/,2026-08-16,The official notice publishes no item-level outcome or Not Genuine determination.
1401036918-027,Eligible for CGC holder review; investigation pending,https://www.cgccards.com/news/article/13730/,2026-08-16,The official notice publishes no item-level outcome or Not Genuine determination.
1401036918-028,Eligible for CGC holder review; investigation pending,https://www.cgccards.com/news/article/13730/,2026-08-16,The official notice publishes no item-level outcome or Not Genuine determination.
1401036918-029,Eligible for CGC holder review; investigation pending,https://www.cgccards.com/news/article/13730/,2026-08-16,The official notice publishes no item-level outcome or Not Genuine determination.
1401036918-030,Eligible for CGC holder review; investigation pending,https://www.cgccards.com/news/article/13730/,2026-08-16,The official notice publishes no item-level outcome or Not Genuine determination.
1401036918-031,Eligible for CGC holder review; investigation pending,https://www.cgccards.com/news/article/13730/,2026-08-16,The official notice publishes no item-level outcome or Not Genuine determination.
1401036918-032,Eligible for CGC holder review; investigation pending,https://www.cgccards.com/news/article/13730/,2026-08-16,The official notice publishes no item-level outcome or Not Genuine determination.
1401036918-033,Eligible for CGC holder review; investigation pending,https://www.cgccards.com/news/article/13730/,2026-08-16,The official notice publishes no item-level outcome or Not Genuine determination.
1401036918-034,Eligible for CGC holder review; investigation pending,https://www.cgccards.com/news/article/13730/,2026-08-16,The official notice publishes no item-level outcome or Not Genuine determination.
1401036918-035,Eligible for CGC holder review; investigation pending,https://www.cgccards.com/news/article/13730/,2026-08-16,The official notice publishes no item-level outcome or Not Genuine determination.
1401036918-036,Eligible for CGC holder review; investigation pending,https://www.cgccards.com/news/article/13730/,2026-08-16,The official notice publishes no item-level outcome or Not Genuine determination.
1401036918-037,Eligible for CGC holder review; investigation pending,https://www.cgccards.com/news/article/13730/,2026-08-16,The official notice publishes no item-level outcome or Not Genuine determination.
1401036918-038,Eligible for CGC holder review; investigation pending,https://www.cgccards.com/news/article/13730/,2026-08-16,The official notice publishes no item-level outcome or Not Genuine determination.
1401036918-039,Eligible for CGC holder review; investigation pending,https://www.cgccards.com/news/article/13730/,2026-08-16,The official notice publishes no item-level outcome or Not Genuine determination.
1401036918-040,Eligible for CGC holder review; investigation pending,https://www.cgccards.com/news/article/13730/,2026-08-16,The official notice publishes no item-level outcome or Not Genuine determination.
1401036918-041,Eligible for CGC holder review; investigation pending,https://www.cgccards.com/news/article/13730/,2026-08-16,The official notice publishes no item-level outcome or Not Genuine determination.
1401036918-042,Eligible for CGC holder review; investigation pending,https://www.cgccards.com/news/article/13730/,2026-08-16,The official notice publishes no item-level outcome or Not Genuine determination.
1401036918-043,Eligible for CGC holder review; investigation pending,https://www.cgccards.com/news/article/13730/,2026-08-16,The official notice publishes no item-level outcome or Not Genuine determination.
1401036918-044,Eligible for CGC holder review; investigation pending,https://www.cgccards.com/news/article/13730/,2026-08-16,The official notice publishes no item-level outcome or Not Genuine determination.
1401036918-045,Eligible for CGC holder review; investigation pending,https://www.cgccards.com/news/article/13730/,2026-08-16,The official notice publishes no item-level outcome or Not Genuine determination.
1401036918-046,Eligible for CGC holder review; investigation pending,https://www.cgccards.com/news/article/13730/,2026-08-16,The official notice publishes no item-level outcome or Not Genuine determination.
1401036918-047,Eligible for CGC holder review; investigation pending,https://www.cgccards.com/news/article/13730/,2026-08-16,The official notice publishes no item-level outcome or Not Genuine determination.
1401036918-048,Eligible for CGC holder review; investigation pending,https://www.cgccards.com/news/article/13730/,2026-08-16,The official notice publishes no item-level outcome or Not Genuine determination.
1401036918-049,Eligible for CGC holder review; investigation pending,https://www.cgccards.com/news/article/13730/,2026-08-16,The official notice publishes no item-level outcome or Not Genuine determination.
1401036918-050,Eligible for CGC holder review; investigation pending,https://www.cgccards.com/news/article/13730/,2026-08-16,The official notice publishes no item-level outcome or Not Genuine determination.
1401036918-051,Eligible for CGC holder review; investigation pending,https://www.cgccards.com/news/article/13730/,2026-08-16,The official notice publishes no item-level outcome or Not Genuine determination.
1401036918-052,Eligible for CGC holder review; investigation pending,https://www.cgccards.com/news/article/13730/,2026-08-16,The official notice publishes no item-level outcome or Not Genuine determination.
1401036918-053,Eligible for CGC holder review; investigation pending,https://www.cgccards.com/news/article/13730/,2026-08-16,The official notice publishes no item-level outcome or Not Genuine determination.
1401036918-054,Eligible for CGC holder review; investigation pending,https://www.cgccards.com/news/article/13730/,2026-08-16,The official notice publishes no item-level outcome or Not Genuine determination.
1401036918-055,Eligible for CGC holder review; investigation pending,https://www.cgccards.com/news/article/13730/,2026-08-16,The official notice publishes no item-level outcome or Not Genuine determination.
1401036918-056,Eligible for CGC holder review; investigation pending,https://www.cgccards.com/news/article/13730/,2026-08-16,The official notice publishes no item-level outcome or Not Genuine determination.
1401036918-057,Eligible for CGC holder review; investigation pending,https://www.cgccards.com/news/article/13730/,2026-08-16,The official notice publishes no item-level outcome or Not Genuine determination.
1401036918-058,Eligible for CGC holder review; investigation pending,https://www.cgccards.com/news/article/13730/,2026-08-16,The official notice publishes no item-level outcome or Not Genuine determination.
1401036918-059,Eligible for CGC holder review; investigation pending,https://www.cgccards.com/news/article/13730/,2026-08-16,The official notice publishes no item-level outcome or Not Genuine determination.
1401038209-001,Eligible for CGC holder review; investigation pending,https://www.cgccards.com/news/article/13730/,2026-08-16,The official notice publishes no item-level outcome or Not Genuine determination.
1401038209-002,Eligible for CGC holder review; investigation pending,https://www.cgccards.com/news/article/13730/,2026-08-16,The official notice publishes no item-level outcome or Not Genuine determination.
1401038209-003,Eligible for CGC holder review; investigation pending,https://www.cgccards.com/news/article/13730/,2026-08-16,The official notice publishes no item-level outcome or Not Genuine determination.
1401039213-001,Eligible for CGC holder review; investigation pending,https://www.cgccards.com/news/article/13730/,2026-08-16,The official notice publishes no item-level outcome or Not Genuine determination.
1401039213-002,Eligible for CGC holder review; investigation pending,https://www.cgccards.com/news/article/13730/,2026-08-16,The official notice publishes no item-level outcome or Not Genuine determination.
1401039213-003,Eligible for CGC holder review; investigation pending,https://www.cgccards.com/news/article/13730/,2026-08-16,The official notice publishes no item-level outcome or Not Genuine determination.
1401039213-004,Eligible for CGC holder review; investigation pending,https://www.cgccards.com/news/article/13730/,2026-08-16,The official notice publishes no item-level outcome or Not Genuine determination.
1401039446-001,Eligible for CGC holder review; investigation pending,https://www.cgccards.com/news/article/13730/,2026-08-16,The official notice publishes no item-level outcome or Not Genuine determination.
1401039446-002,Eligible for CGC holder review; investigation pending,https://www.cgccards.com/news/article/13730/,2026-08-16,The official notice publishes no item-level outcome or Not Genuine determination.
1401039446-003,Eligible for CGC holder review; investigation pending,https://www.cgccards.com/news/article/13730/,2026-08-16,The official notice publishes no item-level outcome or Not Genuine determination.
1401039446-004,Eligible for CGC holder review; investigation pending,https://www.cgccards.com/news/article/13730/,2026-08-16,The official notice publishes no item-level outcome or Not Genuine determination.
1401039446-005,Eligible for CGC holder review; investigation pending,https://www.cgccards.com/news/article/13730/,2026-08-16,The official notice publishes no item-level outcome or Not Genuine determination.
1401039446-006,Eligible for CGC holder review; investigation pending,https://www.cgccards.com/news/article/13730/,2026-08-16,The official notice publishes no item-level outcome or Not Genuine determination.
1401039446-007,Eligible for CGC holder review; investigation pending,https://www.cgccards.com/news/article/13730/,2026-08-16,The official notice publishes no item-level outcome or Not Genuine determination.
1401039446-008,Eligible for CGC holder review; investigation pending,https://www.cgccards.com/news/article/13730/,2026-08-16,The official notice publishes no item-level outcome or Not Genuine determination.
1401039446-009,Eligible for CGC holder review; investigation pending,https://www.cgccards.com/news/article/13730/,2026-08-16,The official notice publishes no item-level outcome or Not Genuine determination.
1401039446-010,Eligible for CGC holder review; investigation pending,https://www.cgccards.com/news/article/13730/,2026-08-16,The official notice publishes no item-level outcome or Not Genuine determination.
1401039446-011,Eligible for CGC holder review; investigation pending,https://www.cgccards.com/news/article/13730/,2026-08-16,The official notice publishes no item-level outcome or Not Genuine determination.
1401039446-012,Eligible for CGC holder review; investigation pending,https://www.cgccards.com/news/article/13730/,2026-08-16,The official notice publishes no item-level outcome or Not Genuine determination.
1401039446-013,Eligible for CGC holder review; investigation pending,https://www.cgccards.com/news/article/13730/,2026-08-16,The official notice publishes no item-level outcome or Not Genuine determination.
1401039446-014,Eligible for CGC holder review; investigation pending,https://www.cgccards.com/news/article/13730/,2026-08-16,The official notice publishes no item-level outcome or Not Genuine determination.
1401039446-015,Eligible for CGC holder review; investigation pending,https://www.cgccards.com/news/article/13730/,2026-08-16,The official notice publishes no item-level outcome or Not Genuine determination.
1401039446-016,Eligible for CGC holder review; investigation pending,https://www.cgccards.com/news/article/13730/,2026-08-16,The official notice publishes no item-level outcome or Not Genuine determination.
1401039446-017,Eligible for CGC holder review; investigation pending,https://www.cgccards.com/news/article/13730/,2026-08-16,The official notice publishes no item-level outcome or Not Genuine determination.
1401039446-018,Eligible for CGC holder review; investigation pending,https://www.cgccards.com/news/article/13730/,2026-08-16,The official notice publishes no item-level outcome or Not Genuine determination.
1401039446-019,Eligible for CGC holder review; investigation pending,https://www.cgccards.com/news/article/13730/,2026-08-16,The official notice publishes no item-level outcome or Not Genuine determination.
1401039446-020,Eligible for CGC holder review; investigation pending,https://www.cgccards.com/news/article/13730/,2026-08-16,The official notice publishes no item-level outcome or Not Genuine determination.
1401039446-021,Eligible for CGC holder review; investigation pending,https://www.cgccards.com/news/article/13730/,2026-08-16,The official notice publishes no item-level outcome or Not Genuine determination.
1401039446-022,Eligible for CGC holder review; investigation pending,https://www.cgccards.com/news/article/13730/,2026-08-16,The official notice publishes no item-level outcome or Not Genuine determination.
1401039446-023,Eligible for CGC holder review; investigation pending,https://www.cgccards.com/news/article/13730/,2026-08-16,The official notice publishes no item-level outcome or Not Genuine determination.
1401039446-024,Eligible for CGC holder review; investigation pending,https://www.cgccards.com/news/article/13730/,2026-08-16,The official notice publishes no item-level outcome or Not Genuine determination.
1401039446-025,Eligible for CGC holder review; investigation pending,https://www.cgccards.com/news/article/13730/,2026-08-16,The official notice publishes no item-level outcome or Not Genuine determination.
1401039446-026,Eligible for CGC holder review; investigation pending,https://www.cgccards.com/news/article/13730/,2026-08-16,The official notice publishes no item-level outcome or Not Genuine determination.
1401039446-027,Eligible for CGC holder review; investigation pending,https://www.cgccards.com/news/article/13730/,2026-08-16,The official notice publishes no item-level outcome or Not Genuine determination.
1401039446-028,Eligible for CGC holder review; investigation pending,https://www.cgccards.com/news/article/13730/,2026-08-16,The official notice publishes no item-level outcome or Not Genuine determination.
1401039446-029,Eligible for CGC holder review; investigation pending,https://www.cgccards.com/news/article/13730/,2026-08-16,The official notice publishes no item-level outcome or Not Genuine determination.
1401039446-030,Eligible for CGC holder review; investigation pending,https://www.cgccards.com/news/article/13730/,2026-08-16,The official notice publishes no item-level outcome or Not Genuine determination.
1401039446-031,Eligible for CGC holder review; investigation pending,https://www.cgccards.com/news/article/13730/,2026-08-16,The official notice publishes no item-level outcome or Not Genuine determination.
1401039446-032,Eligible for CGC holder review; investigation pending,https://www.cgccards.com/news/article/13730/,2026-08-16,The official notice publishes no item-level outcome or Not Genuine determination.
1401039446-033,Eligible for CGC holder review; investigation pending,https://www.cgccards.com/news/article/13730/,2026-08-16,The official notice publishes no item-level outcome or Not Genuine determination.
1401039446-034,Eligible for CGC holder review; investigation pending,https://www.cgccards.com/news/article/13730/,2026-08-16,The official notice publishes no item-level outcome or Not Genuine determination.
1401039446-035,Eligible for CGC holder review; investigation pending,https://www.cgccards.com/news/article/13730/,2026-08-16,The official notice publishes no item-level outcome or Not Genuine determination.
1401039446-036,Eligible for CGC holder review; investigation pending,https://www.cgccards.com/news/article/13730/,2026-08-16,The official notice publishes no item-level outcome or Not Genuine determination.
1401039446-037,Eligible for CGC holder review; investigation pending,https://www.cgccards.com/news/article/13730/,2026-08-16,The official notice publishes no item-level outcome or Not Genuine determination.
1401039446-038,Eligible for CGC holder review; investigation pending,https://www.cgccards.com/news/article/13730/,2026-08-16,The official notice publishes no item-level outcome or Not Genuine determination.
1401039446-039,Eligible for CGC holder review; investigation pending,https://www.cgccards.com/news/article/13730/,2026-08-16,The official notice publishes no item-level outcome or Not Genuine determination.
1401039446-040,Eligible for CGC holder review; investigation pending,https://www.cgccards.com/news/article/13730/,2026-08-16,The official notice publishes no item-level outcome or Not Genuine determination.
1401041790-001,Eligible for CGC holder review; investigation pending,https://www.cgccards.com/news/article/13730/,2026-08-16,The official notice publishes no item-level outcome or Not Genuine determination.
1401041790-002,Eligible for CGC holder review; investigation pending,https://www.cgccards.com/news/article/13730/,2026-08-16,The official notice publishes no item-level outcome or Not Genuine determination.
1401041790-003,Eligible for CGC holder review; investigation pending,https://www.cgccards.com/news/article/13730/,2026-08-16,The official notice publishes no item-level outcome or Not Genuine determination.
1401041790-004,Eligible for CGC holder review; investigation pending,https://www.cgccards.com/news/article/13730/,2026-08-16,The official notice publishes no item-level outcome or Not Genuine determination.
1401041790-005,Eligible for CGC holder review; investigation pending,https://www.cgccards.com/news/article/13730/,2026-08-16,The official notice publishes no item-level outcome or Not Genuine determination.
1401041790-006,Eligible for CGC holder review; investigation pending,https://www.cgccards.com/news/article/13730/,2026-08-16,The official notice publishes no item-level outcome or Not Genuine determination.
1401041790-007,Eligible for CGC holder review; investigation pending,https://www.cgccards.com/news/article/13730/,2026-08-16,The official notice publishes no item-level outcome or Not Genuine determination.
1401041790-008,Eligible for CGC holder review; investigation pending,https://www.cgccards.com/news/article/13730/,2026-08-16,The official notice publishes no item-level outcome or Not Genuine determination.
1401041790-009,Eligible for CGC holder review; investigation pending,https://www.cgccards.com/news/article/13730/,2026-08-16,The official notice publishes no item-level outcome or Not Genuine determination.
1401041790-010,Eligible for CGC holder review; investigation pending,https://www.cgccards.com/news/article/13730/,2026-08-16,The official notice publishes no item-level outcome or Not Genuine determination.
1401041790-011,Eligible for CGC holder review; investigation pending,https://www.cgccards.com/news/article/13730/,2026-08-16,The official notice publishes no item-level outcome or Not Genuine determination.
1401041790-012,Eligible for CGC holder review; investigation pending,https://www.cgccards.com/news/article/13730/,2026-08-16,The official notice publishes no item-level outcome or Not Genuine determination.
1401041790-013,Eligible for CGC holder review; investigation pending,https://www.cgccards.com/news/article/13730/,2026-08-16,The official notice publishes no item-level outcome or Not Genuine determination.
1401041790-014,Eligible for CGC holder review; investigation pending,https://www.cgccards.com/news/article/13730/,2026-08-16,The official notice publishes no item-level outcome or Not Genuine determination.
1401041790-015,Eligible for CGC holder review; investigation pending,https://www.cgccards.com/news/article/13730/,2026-08-16,The official notice publishes no item-level outcome or Not Genuine determination.
1401041790-016,Eligible for CGC holder review; investigation pending,https://www.cgccards.com/news/article/13730/,2026-08-16,The official notice publishes no item-level outcome or Not Genuine determination.
1401041790-017,Eligible for CGC holder review; investigation pending,https://www.cgccards.com/news/article/13730/,2026-08-16,The official notice publishes no item-level outcome or Not Genuine determination.
1401041790-018,Eligible for CGC holder review; investigation pending,https://www.cgccards.com/news/article/13730/,2026-08-16,The official notice publishes no item-level outcome or Not Genuine determination.
1401041790-019,Eligible for CGC holder review; investigation pending,https://www.cgccards.com/news/article/13730/,2026-08-16,The official notice publishes no item-level outcome or Not Genuine determination.
1401041790-020,Eligible for CGC holder review; investigation pending,https://www.cgccards.com/news/article/13730/,2026-08-16,The official notice publishes no item-level outcome or Not Genuine determination.
1401041790-021,Eligible for CGC holder review; investigation pending,https://www.cgccards.com/news/article/13730/,2026-08-16,The official notice publishes no item-level outcome or Not Genuine determination.
1401041790-022,Eligible for CGC holder review; investigation pending,https://www.cgccards.com/news/article/13730/,2026-08-16,The official notice publishes no item-level outcome or Not Genuine determination.
1401041790-023,Eligible for CGC holder review; investigation pending,https://www.cgccards.com/news/article/13730/,2026-08-16,The official notice publishes no item-level outcome or Not Genuine determination.
1401041790-024,Eligible for CGC holder review; investigation pending,https://www.cgccards.com/news/article/13730/,2026-08-16,The official notice publishes no item-level outcome or Not Genuine determination.
1401041790-025,Eligible for CGC holder review; investigation pending,https://www.cgccards.com/news/article/13730/,2026-08-16,The official notice publishes no item-level outcome or Not Genuine determination.
1401041790-026,Eligible for CGC holder review; investigation pending,https://www.cgccards.com/news/article/13730/,2026-08-16,The official notice publishes no item-level outcome or Not Genuine determination.
1401041790-027,Eligible for CGC holder review; investigation pending,https://www.cgccards.com/news/article/13730/,2026-08-16,The official notice publishes no item-level outcome or Not Genuine determination.
1401041790-028,Eligible for CGC holder review; investigation pending,https://www.cgccards.com/news/article/13730/,2026-08-16,The official notice publishes no item-level outcome or Not Genuine determination.
1401041790-029,Eligible for CGC holder review; investigation pending,https://www.cgccards.com/news/article/13730/,2026-08-16,The official notice publishes no item-level outcome or Not Genuine determination.
1401041790-030,Eligible for CGC holder review; investigation pending,https://www.cgccards.com/news/article/13730/,2026-08-16,The official notice publishes no item-level outcome or Not Genuine determination.
1401041790-031,Eligible for CGC holder review; investigation pending,https://www.cgccards.com/news/article/13730/,2026-08-16,The official notice publishes no item-level outcome or Not Genuine determination.
1401041790-032,Eligible for CGC holder review; investigation pending,https://www.cgccards.com/news/article/13730/,2026-08-16,The official notice publishes no item-level outcome or Not Genuine determination.
1401041790-033,Eligible for CGC holder review; investigation pending,https://www.cgccards.com/news/article/13730/,2026-08-16,The official notice publishes no item-level outcome or Not Genuine determination.
1401042269-001,Eligible for CGC holder review; investigation pending,https://www.cgccards.com/news/article/13730/,2026-08-16,The official notice publishes no item-level outcome or Not Genuine determination.
1401042269-002,Eligible for CGC holder review; investigation pending,https://www.cgccards.com/news/article/13730/,2026-08-16,The official notice publishes no item-level outcome or Not Genuine determination.
1401042269-003,Eligible for CGC holder review; investigation pending,https://www.cgccards.com/news/article/13730/,2026-08-16,The official notice publishes no item-level outcome or Not Genuine determination.
1401042269-004,Eligible for CGC holder review; investigation pending,https://www.cgccards.com/news/article/13730/,2026-08-16,The official notice publishes no item-level outcome or Not Genuine determination.
1401042269-005,Eligible for CGC holder review; investigation pending,https://www.cgccards.com/news/article/13730/,2026-08-16,The official notice publishes no item-level outcome or Not Genuine determination.
1401042269-006,Eligible for CGC holder review; investigation pending,https://www.cgccards.com/news/article/13730/,2026-08-16,The official notice publishes no item-level outcome or Not Genuine determination.
1401042270-001,Eligible for CGC holder review; investigation pending,https://www.cgccards.com/news/article/13730/,2026-08-16,The official notice publishes no item-level outcome or Not Genuine determination.
1401042270-002,Eligible for CGC holder review; investigation pending,https://www.cgccards.com/news/article/13730/,2026-08-16,The official notice publishes no item-level outcome or Not Genuine determination.
1401042270-003,Eligible for CGC holder review; investigation pending,https://www.cgccards.com/news/article/13730/,2026-08-16,The official notice publishes no item-level outcome or Not Genuine determination.
1401042270-004,Eligible for CGC holder review; investigation pending,https://www.cgccards.com/news/article/13730/,2026-08-16,The official notice publishes no item-level outcome or Not Genuine determination.
1401042270-005,Eligible for CGC holder review; investigation pending,https://www.cgccards.com/news/article/13730/,2026-08-16,The official notice publishes no item-level outcome or Not Genuine determination.
1401042270-006,Eligible for CGC holder review; investigation pending,https://www.cgccards.com/news/article/13730/,2026-08-16,The official notice publishes no item-level outcome or Not Genuine determination.
1401042270-007,Eligible for CGC holder review; investigation pending,https://www.cgccards.com/news/article/13730/,2026-08-16,The official notice publishes no item-level outcome or Not Genuine determination.
1401042270-008,Eligible for CGC holder review; investigation pending,https://www.cgccards.com/news/article/13730/,2026-08-16,The official notice publishes no item-level outcome or Not Genuine determination.
1401042270-009,Eligible for CGC holder review; investigation pending,https://www.cgccards.com/news/article/13730/,2026-08-16,The official notice publishes no item-level outcome or Not Genuine determination.
1401042270-010,Eligible for CGC holder review; investigation pending,https://www.cgccards.com/news/article/13730/,2026-08-16,The official notice publishes no item-level outcome or Not Genuine determination.
1401042270-011,Eligible for CGC holder review; investigation pending,https://www.cgccards.com/news/article/13730/,2026-08-16,The official notice publishes no item-level outcome or Not Genuine determination.
1401042270-012,Eligible for CGC holder review; investigation pending,https://www.cgccards.com/news/article/13730/,2026-08-16,The official notice publishes no item-level outcome or Not Genuine determination.
1401042270-013,Eligible for CGC holder review; investigation pending,https://www.cgccards.com/news/article/13730/,2026-08-16,The official notice publishes no item-level outcome or Not Genuine determination.
1401042270-014,Eligible for CGC holder review; investigation pending,https://www.cgccards.com/news/article/13730/,2026-08-16,The official notice publishes no item-level outcome or Not Genuine determination.
1401042270-015,Eligible for CGC holder review; investigation pending,https://www.cgccards.com/news/article/13730/,2026-08-16,The official notice publishes no item-level outcome or Not Genuine determination.
1401042270-016,Eligible for CGC holder review; investigation pending,https://www.cgccards.com/news/article/13730/,2026-08-16,The official notice publishes no item-level outcome or Not Genuine determination.
1401042270-017,Eligible for CGC holder review; investigation pending,https://www.cgccards.com/news/article/13730/,2026-08-16,The official notice publishes no item-level outcome or Not Genuine determination.
1401042270-018,Eligible for CGC holder review; investigation pending,https://www.cgccards.com/news/article/13730/,2026-08-16,The official notice publishes no item-level outcome or Not Genuine determination.
1401042270-019,Eligible for CGC holder review; investigation pending,https://www.cgccards.com/news/article/13730/,2026-08-16,The official notice publishes no item-level outcome or Not Genuine determination.
1401042270-020,Eligible for CGC holder review; investigation pending,https://www.cgccards.com/news/article/13730/,2026-08-16,The official notice publishes no item-level outcome or Not Genuine determination.
1401042270-021,Eligible for CGC holder review; investigation pending,https://www.cgccards.com/news/article/13730/,2026-08-16,The official notice publishes no item-level outcome or Not Genuine determination.
1401042270-022,Eligible for CGC holder review; investigation pending,https://www.cgccards.com/news/article/13730/,2026-08-16,The official notice publishes no item-level outcome or Not Genuine determination.
1401042270-023,Eligible for CGC holder review; investigation pending,https://www.cgccards.com/news/article/13730/,2026-08-16,The official notice publishes no item-level outcome or Not Genuine determination.
1401042270-024,Eligible for CGC holder review; investigation pending,https://www.cgccards.com/news/article/13730/,2026-08-16,The official notice publishes no item-level outcome or Not Genuine determination.
1401042270-025,Eligible for CGC holder review; investigation pending,https://www.cgccards.com/news/article/13730/,2026-08-16,The official notice publishes no item-level outcome or Not Genuine determination.
1401042270-026,Eligible for CGC holder review; investigation pending,https://www.cgccards.com/news/article/13730/,2026-08-16,The official notice publishes no item-level outcome or Not Genuine determination.
1401042292-001,Eligible for CGC holder review; investigation pending,https://www.cgccards.com/news/article/13730/,2026-08-16,The official notice publishes no item-level outcome or Not Genuine determination.
1401042292-002,Eligible for CGC holder review; investigation pending,https://www.cgccards.com/news/article/13730/,2026-08-16,The official notice publishes no item-level outcome or Not Genuine determination.
1401042292-003,Eligible for CGC holder review; investigation pending,https://www.cgccards.com/news/article/13730/,2026-08-16,The official notice publishes no item-level outcome or Not Genuine determination.
1401042292-004,Eligible for CGC holder review; investigation pending,https://www.cgccards.com/news/article/13730/,2026-08-16,The official notice publishes no item-level outcome or Not Genuine determination.
1401042292-005,Eligible for CGC holder review; investigation pending,https://www.cgccards.com/news/article/13730/,2026-08-16,The official notice publishes no item-level outcome or Not Genuine determination.
1401042292-006,Eligible for CGC holder review; investigation pending,https://www.cgccards.com/news/article/13730/,2026-08-16,The official notice publishes no item-level outcome or Not Genuine determination.
1401042292-007,Eligible for CGC holder review; investigation pending,https://www.cgccards.com/news/article/13730/,2026-08-16,The official notice publishes no item-level outcome or Not Genuine determination.
1401042292-008,Eligible for CGC holder review; investigation pending,https://www.cgccards.com/news/article/13730/,2026-08-16,The official notice publishes no item-level outcome or Not Genuine determination.
1401042292-009,Eligible for CGC holder review; investigation pending,https://www.cgccards.com/news/article/13730/,2026-08-16,The official notice publishes no item-level outcome or Not Genuine determination.
1401042292-010,Eligible for CGC holder review; investigation pending,https://www.cgccards.com/news/article/13730/,2026-08-16,The official notice publishes no item-level outcome or Not Genuine determination.
1401042292-011,Eligible for CGC holder review; investigation pending,https://www.cgccards.com/news/article/13730/,2026-08-16,The official notice publishes no item-level outcome or Not Genuine determination.
1401042292-012,Eligible for CGC holder review; investigation pending,https://www.cgccards.com/news/article/13730/,2026-08-16,The official notice publishes no item-level outcome or Not Genuine determination.
1401042293-001,Eligible for CGC holder review; investigation pending,https://www.cgccards.com/news/article/13730/,2026-08-16,The official notice publishes no item-level outcome or Not Genuine determination.
1401042293-002,Eligible for CGC holder review; investigation pending,https://www.cgccards.com/news/article/13730/,2026-08-16,The official notice publishes no item-level outcome or Not Genuine determination.
1401042293-003,Eligible for CGC holder review; investigation pending,https://www.cgccards.com/news/article/13730/,2026-08-16,The official notice publishes no item-level outcome or Not Genuine determination.
1401042293-004,Eligible for CGC holder review; investigation pending,https://www.cgccards.com/news/article/13730/,2026-08-16,The official notice publishes no item-level outcome or Not Genuine determination.
1401042293-005,Eligible for CGC holder review; investigation pending,https://www.cgccards.com/news/article/13730/,2026-08-16,The official notice publishes no item-level outcome or Not Genuine determination.
1401042293-006,Eligible for CGC holder review; investigation pending,https://www.cgccards.com/news/article/13730/,2026-08-16,The official notice publishes no item-level outcome or Not Genuine determination.
1401042293-007,Eligible for CGC holder review; investigation pending,https://www.cgccards.com/news/article/13730/,2026-08-16,The official notice publishes no item-level outcome or Not Genuine determination.
1401042293-008,Eligible for CGC holder review; investigation pending,https://www.cgccards.com/news/article/13730/,2026-08-16,The official notice publishes no item-level outcome or Not Genuine determination.
1401042293-009,Eligible for CGC holder review; investigation pending,https://www.cgccards.com/news/article/13730/,2026-08-16,The official notice publishes no item-level outcome or Not Genuine determination.
1401042293-010,Eligible for CGC holder review; investigation pending,https://www.cgccards.com/news/article/13730/,2026-08-16,The official notice publishes no item-level outcome or Not Genuine determination.
1401042293-011,Eligible for CGC holder review; investigation pending,https://www.cgccards.com/news/article/13730/,2026-08-16,The official notice publishes no item-level outcome or Not Genuine determination.
1401042293-012,Eligible for CGC holder review; investigation pending,https://www.cgccards.com/news/article/13730/,2026-08-16,The official notice publishes no item-level outcome or Not Genuine determination.
1401042293-013,Eligible for CGC holder review; investigation pending,https://www.cgccards.com/news/article/13730/,2026-08-16,The official notice publishes no item-level outcome or Not Genuine determination.
1401042293-014,Eligible for CGC holder review; investigation pending,https://www.cgccards.com/news/article/13730/,2026-08-16,The official notice publishes no item-level outcome or Not Genuine determination.
1401042293-015,Eligible for CGC holder review; investigation pending,https://www.cgccards.com/news/article/13730/,2026-08-16,The official notice publishes no item-level outcome or Not Genuine determination.
1401042293-016,Eligible for CGC holder review; investigation pending,https://www.cgccards.com/news/article/13730/,2026-08-16,The official notice publishes no item-level outcome or Not Genuine determination.
1401042293-017,Eligible for CGC holder review; investigation pending,https://www.cgccards.com/news/article/13730/,2026-08-16,The official notice publishes no item-level outcome or Not Genuine determination.
1401042293-018,Eligible for CGC holder review; investigation pending,https://www.cgccards.com/news/article/13730/,2026-08-16,The official notice publishes no item-level outcome or Not Genuine determination.
1401042293-019,Eligible for CGC holder review; investigation pending,https://www.cgccards.com/news/article/13730/,2026-08-16,The official notice publishes no item-level outcome or Not Genuine determination.
1401042293-020,Eligible for CGC holder review; investigation pending,https://www.cgccards.com/news/article/13730/,2026-08-16,The official notice publishes no item-level outcome or Not Genuine determination.
1401042293-021,Eligible for CGC holder review; investigation pending,https://www.cgccards.com/news/article/13730/,2026-08-16,The official notice publishes no item-level outcome or Not Genuine determination.
1401042293-022,Eligible for CGC holder review; investigation pending,https://www.cgccards.com/news/article/13730/,2026-08-16,The official notice publishes no item-level outcome or Not Genuine determination.
1401042293-023,Eligible for CGC holder review; investigation pending,https://www.cgccards.com/news/article/13730/,2026-08-16,The official notice publishes no item-level outcome or Not Genuine determination.
1401042293-024,Eligible for CGC holder review; investigation pending,https://www.cgccards.com/news/article/13730/,2026-08-16,The official notice publishes no item-level outcome or Not Genuine determination.
1401042293-025,Eligible for CGC holder review; investigation pending,https://www.cgccards.com/news/article/13730/,2026-08-16,The official notice publishes no item-level outcome or Not Genuine determination.
1401042293-026,Eligible for CGC holder review; investigation pending,https://www.cgccards.com/news/article/13730/,2026-08-16,The official notice publishes no item-level outcome or Not Genuine determination.
1401042299-001,Eligible for CGC holder review; investigation pending,https://www.cgccards.com/news/article/13730/,2026-08-16,The official notice publishes no item-level outcome or Not Genuine determination.
1401042299-002,Eligible for CGC holder review; investigation pending,https://www.cgccards.com/news/article/13730/,2026-08-16,The official notice publishes no item-level outcome or Not Genuine determination.
1401042299-003,Eligible for CGC holder review; investigation pending,https://www.cgccards.com/news/article/13730/,2026-08-16,The official notice publishes no item-level outcome or Not Genuine determination.
1401042299-004,Eligible for CGC holder review; investigation pending,https://www.cgccards.com/news/article/13730/,2026-08-16,The official notice publishes no item-level outcome or Not Genuine determination.
1401042299-005,Eligible for CGC holder review; investigation pending,https://www.cgccards.com/news/article/13730/,2026-08-16,The official notice publishes no item-level outcome or Not Genuine determination.
1401042299-006,Eligible for CGC holder review; investigation pending,https://www.cgccards.com/news/article/13730/,2026-08-16,The official notice publishes no item-level outcome or Not Genuine determination.
1401042299-007,Eligible for CGC holder review; investigation pending,https://www.cgccards.com/news/article/13730/,2026-08-16,The official notice publishes no item-level outcome or Not Genuine determination.
1401042299-008,Eligible for CGC holder review; investigation pending,https://www.cgccards.com/news/article/13730/,2026-08-16,The official notice publishes no item-level outcome or Not Genuine determination.
1401042299-009,Eligible for CGC holder review; investigation pending,https://www.cgccards.com/news/article/13730/,2026-08-16,The official notice publishes no item-level outcome or Not Genuine determination.
1401042299-010,Eligible for CGC holder review; investigation pending,https://www.cgccards.com/news/article/13730/,2026-08-16,The official notice publishes no item-level outcome or Not Genuine determination.
1401042299-011,Eligible for CGC holder review; investigation pending,https://www.cgccards.com/news/article/13730/,2026-08-16,The official notice publishes no item-level outcome or Not Genuine determination.
1401042299-012,Eligible for CGC holder review; investigation pending,https://www.cgccards.com/news/article/13730/,2026-08-16,The official notice publishes no item-level outcome or Not Genuine determination.
1401042299-013,Eligible for CGC holder review; investigation pending,https://www.cgccards.com/news/article/13730/,2026-08-16,The official notice publishes no item-level outcome or Not Genuine determination.
1401042299-014,Eligible for CGC holder review; investigation pending,https://www.cgccards.com/news/article/13730/,2026-08-16,The official notice publishes no item-level outcome or Not Genuine determination.
1401042299-015,Eligible for CGC holder review; investigation pending,https://www.cgccards.com/news/article/13730/,2026-08-16,The official notice publishes no item-level outcome or Not Genuine determination.
1401042299-016,Eligible for CGC holder review; investigation pending,https://www.cgccards.com/news/article/13730/,2026-08-16,The official notice publishes no item-level outcome or Not Genuine determination.
1401042299-017,Eligible for CGC holder review; investigation pending,https://www.cgccards.com/news/article/13730/,2026-08-16,The official notice publishes no item-level outcome or Not Genuine determination.
1401042299-018,Eligible for CGC holder review; investigation pending,https://www.cgccards.com/news/article/13730/,2026-08-16,The official notice publishes no item-level outcome or Not Genuine determination.
1401042299-019,Eligible for CGC holder review; investigation pending,https://www.cgccards.com/news/article/13730/,2026-08-16,The official notice publishes no item-level outcome or Not Genuine determination.
1401042299-020,Eligible for CGC holder review; investigation pending,https://www.cgccards.com/news/article/13730/,2026-08-16,The official notice publishes no item-level outcome or Not Genuine determination.
1401042299-021,Eligible for CGC holder review; investigation pending,https://www.cgccards.com/news/article/13730/,2026-08-16,The official notice publishes no item-level outcome or Not Genuine determination.
1401042299-022,Eligible for CGC holder review; investigation pending,https://www.cgccards.com/news/article/13730/,2026-08-16,The official notice publishes no item-level outcome or Not Genuine determination.
1401042299-023,Eligible for CGC holder review; investigation pending,https://www.cgccards.com/news/article/13730/,2026-08-16,The official notice publishes no item-level outcome or Not Genuine determination.
1401042299-024,Eligible for CGC holder review; investigation pending,https://www.cgccards.com/news/article/13730/,2026-08-16,The official notice publishes no item-level outcome or Not Genuine determination.
1401042299-025,Eligible for CGC holder review; investigation pending,https://www.cgccards.com/news/article/13730/,2026-08-16,The official notice publishes no item-level outcome or Not Genuine determination.
1401042299-026,Eligible for CGC holder review; investigation pending,https://www.cgccards.com/news/article/13730/,2026-08-16,The official notice publishes no item-level outcome or Not Genuine determination.
1401042299-027,Eligible for CGC holder review; investigation pending,https://www.cgccards.com/news/article/13730/,2026-08-16,The official notice publishes no item-level outcome or Not Genuine determination.
1401042299-028,Eligible for CGC holder review; investigation pending,https://www.cgccards.com/news/article/13730/,2026-08-16,The official notice publishes no item-level outcome or Not Genuine determination.
1401042299-029,Eligible for CGC holder review; investigation pending,https://www.cgccards.com/news/article/13730/,2026-08-16,The official notice publishes no item-level outcome or Not Genuine determination.
1401042299-030,Eligible for CGC holder review; investigation pending,https://www.cgccards.com/news/article/13730/,2026-08-16,The official notice publishes no item-level outcome or Not Genuine determination.
1401042299-031,Eligible for CGC holder review; investigation pending,https://www.cgccards.com/news/article/13730/,2026-08-16,The official notice publishes no item-level outcome or Not Genuine determination.
1401042299-032,Eligible for CGC holder review; investigation pending,https://www.cgccards.com/news/article/13730/,2026-08-16,The official notice publishes no item-level outcome or Not Genuine determination.
1401042299-033,Eligible for CGC holder review; investigation pending,https://www.cgccards.com/news/article/13730/,2026-08-16,The official notice publishes no item-level outcome or Not Genuine determination.
1401042299-034,Eligible for CGC holder review; investigation pending,https://www.cgccards.com/news/article/13730/,2026-08-16,The official notice publishes no item-level outcome or Not Genuine determination.
1401042299-035,Eligible for CGC holder review; investigation pending,https://www.cgccards.com/news/article/13730/,2026-08-16,The official notice publishes no item-level outcome or Not Genuine determination.
1401042299-036,Eligible for CGC holder review; investigation pending,https://www.cgccards.com/news/article/13730/,2026-08-16,The official notice publishes no item-level outcome or Not Genuine determination.
1401042299-037,Eligible for CGC holder review; investigation pending,https://www.cgccards.com/news/article/13730/,2026-08-16,The official notice publishes no item-level outcome or Not Genuine determination.
1401042299-038,Eligible for CGC holder review; investigation pending,https://www.cgccards.com/news/article/13730/,2026-08-16,The official notice publishes no item-level outcome or Not Genuine determination.
1401042299-039,Eligible for CGC holder review; investigation pending,https://www.cgccards.com/news/article/13730/,2026-08-16,The official notice publishes no item-level outcome or Not Genuine determination.
1401042299-040,Eligible for CGC holder review; investigation pending,https://www.cgccards.com/news/article/13730/,2026-08-16,The official notice publishes no item-level outcome or Not Genuine determination.
1401042299-041,Eligible for CGC holder review; investigation pending,https://www.cgccards.com/news/article/13730/,2026-08-16,The official notice publishes no item-level outcome or Not Genuine determination.
1401042299-042,Eligible for CGC holder review; investigation pending,https://www.cgccards.com/news/article/13730/,2026-08-16,The official notice publishes no item-level outcome or Not Genuine determination.
1401042299-043,Eligible for CGC holder review; investigation pending,https://www.cgccards.com/news/article/13730/,2026-08-16,The official notice publishes no item-level outcome or Not Genuine determination.
1401042299-044,Eligible for CGC holder review; investigation pending,https://www.cgccards.com/news/article/13730/,2026-08-16,The official notice publishes no item-level outcome or Not Genuine determination.
1401042299-045,Eligible for CGC holder review; investigation pending,https://www.cgccards.com/news/article/13730/,2026-08-16,The official notice publishes no item-level outcome or Not Genuine determination.
1401042299-046,Eligible for CGC holder review; investigation pending,https://www.cgccards.com/news/article/13730/,2026-08-16,The official notice publishes no item-level outcome or Not Genuine determination.
1401042299-047,Eligible for CGC holder review; investigation pending,https://www.cgccards.com/news/article/13730/,2026-08-16,The official notice publishes no item-level outcome or Not Genuine determination.
1401042299-048,Eligible for CGC holder review; investigation pending,https://www.cgccards.com/news/article/13730/,2026-08-16,The official notice publishes no item-level outcome or Not Genuine determination.
1401042299-049,Eligible for CGC holder review; investigation pending,https://www.cgccards.com/news/article/13730/,2026-08-16,The official notice publishes no item-level outcome or Not Genuine determination.
1401042299-050,Eligible for CGC holder review; investigation pending,https://www.cgccards.com/news/article/13730/,2026-08-16,The official notice publishes no item-level outcome or Not Genuine determination.
1401042299-051,Eligible for CGC holder review; investigation pending,https://www.cgccards.com/news/article/13730/,2026-08-16,The official notice publishes no item-level outcome or Not Genuine determination.
1401042299-052,Eligible for CGC holder review; investigation pending,https://www.cgccards.com/news/article/13730/,2026-08-16,The official notice publishes no item-level outcome or Not Genuine determination.
1401042299-053,Eligible for CGC holder review; investigation pending,https://www.cgccards.com/news/article/13730/,2026-08-16,The official notice publishes no item-level outcome or Not Genuine determination.
1401042299-054,Eligible for CGC holder review; investigation pending,https://www.cgccards.com/news/article/13730/,2026-08-16,The official notice publishes no item-level outcome or Not Genuine determination.
1401042299-055,Eligible for CGC holder review; investigation pending,https://www.cgccards.com/news/article/13730/,2026-08-16,The official notice publishes no item-level outcome or Not Genuine determination.
1401042299-056,Eligible for CGC holder review; investigation pending,https://www.cgccards.com/news/article/13730/,2026-08-16,The official notice publishes no item-level outcome or Not Genuine determination.
1401042299-057,Eligible for CGC holder review; investigation pending,https://www.cgccards.com/news/article/13730/,2026-08-16,The official notice publishes no item-level outcome or Not Genuine determination.
1401042299-058,Eligible for CGC holder review; investigation pending,https://www.cgccards.com/news/article/13730/,2026-08-16,The official notice publishes no item-level outcome or Not Genuine determination.
1401042299-059,Eligible for CGC holder review; investigation pending,https://www.cgccards.com/news/article/13730/,2026-08-16,The official notice publishes no item-level outcome or Not Genuine determination.
1401042299-060,Eligible for CGC holder review; investigation pending,https://www.cgccards.com/news/article/13730/,2026-08-16,The official notice publishes no item-level outcome or Not Genuine determination.
1401042299-061,Eligible for CGC holder review; investigation pending,https://www.cgccards.com/news/article/13730/,2026-08-16,The official notice publishes no item-level outcome or Not Genuine determination.
1401042299-062,Eligible for CGC holder review; investigation pending,https://www.cgccards.com/news/article/13730/,2026-08-16,The official notice publishes no item-level outcome or Not Genuine determination.
1401042299-063,Eligible for CGC holder review; investigation pending,https://www.cgccards.com/news/article/13730/,2026-08-16,The official notice publishes no item-level outcome or Not Genuine determination.
1401042299-064,Eligible for CGC holder review; investigation pending,https://www.cgccards.com/news/article/13730/,2026-08-16,The official notice publishes no item-level outcome or Not Genuine determination.
1401042299-065,Eligible for CGC holder review; investigation pending,https://www.cgccards.com/news/article/13730/,2026-08-16,The official notice publishes no item-level outcome or Not Genuine determination.
1401042299-066,Eligible for CGC holder review; investigation pending,https://www.cgccards.com/news/article/13730/,2026-08-16,The official notice publishes no item-level outcome or Not Genuine determination.
1401042299-067,Eligible for CGC holder review; investigation pending,https://www.cgccards.com/news/article/13730/,2026-08-16,The official notice publishes no item-level outcome or Not Genuine determination.
1401042299-068,Eligible for CGC holder review; investigation pending,https://www.cgccards.com/news/article/13730/,2026-08-16,The official notice publishes no item-level outcome or Not Genuine determination.
1401042299-069,Eligible for CGC holder review; investigation pending,https://www.cgccards.com/news/article/13730/,2026-08-16,The official notice publishes no item-level outcome or Not Genuine determination.
1401042299-070,Eligible for CGC holder review; investigation pending,https://www.cgccards.com/news/article/13730/,2026-08-16,The official notice publishes no item-level outcome or Not Genuine determination.
1401042299-071,Eligible for CGC holder review; investigation pending,https://www.cgccards.com/news/article/13730/,2026-08-16,The official notice publishes no item-level outcome or Not Genuine determination.
1401042299-072,Eligible for CGC holder review; investigation pending,https://www.cgccards.com/news/article/13730/,2026-08-16,The official notice publishes no item-level outcome or Not Genuine determination.
1401042299-073,Eligible for CGC holder review; investigation pending,https://www.cgccards.com/news/article/13730/,2026-08-16,The official notice publishes no item-level outcome or Not Genuine determination.
1401042299-074,Eligible for CGC holder review; investigation pending,https://www.cgccards.com/news/article/13730/,2026-08-16,The official notice publishes no item-level outcome or Not Genuine determination.
1401042299-075,Eligible for CGC holder review; investigation pending,https://www.cgccards.com/news/article/13730/,2026-08-16,The official notice publishes no item-level outcome or Not Genuine determination.
1401042299-076,Eligible for CGC holder review; investigation pending,https://www.cgccards.com/news/article/13730/,2026-08-16,The official notice publishes no item-level outcome or Not Genuine determination.
1401042299-077,Eligible for CGC holder review; investigation pending,https://www.cgccards.com/news/article/13730/,2026-08-16,The official notice publishes no item-level outcome or Not Genuine determination.
1401042299-078,Eligible for CGC holder review; investigation pending,https://www.cgccards.com/news/article/13730/,2026-08-16,The official notice publishes no item-level outcome or Not Genuine determination.
1401042299-079,Eligible for CGC holder review; investigation pending,https://www.cgccards.com/news/article/13730/,2026-08-16,The official notice publishes no item-level outcome or Not Genuine determination.
1401042299-080,Eligible for CGC holder review; investigation pending,https://www.cgccards.com/news/article/13730/,2026-08-16,The official notice publishes no item-level outcome or Not Genuine determination.
1401042299-081,Eligible for CGC holder review; investigation pending,https://www.cgccards.com/news/article/13730/,2026-08-16,The official notice publishes no item-level outcome or Not Genuine determination.
1401042299-082,Eligible for CGC holder review; investigation pending,https://www.cgccards.com/news/article/13730/,2026-08-16,The official notice publishes no item-level outcome or Not Genuine determination.
1401042299-083,Eligible for CGC holder review; investigation pending,https://www.cgccards.com/news/article/13730/,2026-08-16,The official notice publishes no item-level outcome or Not Genuine determination.
1401042299-084,Eligible for CGC holder review; investigation pending,https://www.cgccards.com/news/article/13730/,2026-08-16,The official notice publishes no item-level outcome or Not Genuine determination.
1401042299-085,Eligible for CGC holder review; investigation pending,https://www.cgccards.com/news/article/13730/,2026-08-16,The official notice publishes no item-level outcome or Not Genuine determination.
1401042299-086,Eligible for CGC holder review; investigation pending,https://www.cgccards.com/news/article/13730/,2026-08-16,The official notice publishes no item-level outcome or Not Genuine determination.
1401042299-087,Eligible for CGC holder review; investigation pending,https://www.cgccards.com/news/article/13730/,2026-08-16,The official notice publishes no item-level outcome or Not Genuine determination.
1401042299-088,Eligible for CGC holder review; investigation pending,https://www.cgccards.com/news/article/13730/,2026-08-16,The official notice publishes no item-level outcome or Not Genuine determination.
1401042299-089,Eligible for CGC holder review; investigation pending,https://www.cgccards.com/news/article/13730/,2026-08-16,The official notice publishes no item-level outcome or Not Genuine determination.
1401042299-090,Eligible for CGC holder review; investigation pending,https://www.cgccards.com/news/article/13730/,2026-08-16,The official notice publishes no item-level outcome or Not Genuine determination.
1401042299-091,Eligible for CGC holder review; investigation pending,https://www.cgccards.com/news/article/13730/,2026-08-16,The official notice publishes no item-level outcome or Not Genuine determination.
1401042299-092,Eligible for CGC holder review; investigation pending,https://www.cgccards.com/news/article/13730/,2026-08-16,The official notice publishes no item-level outcome or Not Genuine determination.
1401042299-093,Eligible for CGC holder review; investigation pending,https://www.cgccards.com/news/article/13730/,2026-08-16,The official notice publishes no item-level outcome or Not Genuine determination.
1401042299-094,Eligible for CGC holder review; investigation pending,https://www.cgccards.com/news/article/13730/,2026-08-16,The official notice publishes no item-level outcome or Not Genuine determination.
1401042299-095,Eligible for CGC holder review; investigation pending,https://www.cgccards.com/news/article/13730/,2026-08-16,The official notice publishes no item-level outcome or Not Genuine determination.
1401042299-096,Eligible for CGC holder review; investigation pending,https://www.cgccards.com/news/article/13730/,2026-08-16,The official notice publishes no item-level outcome or Not Genuine determination.
1401042299-097,Eligible for CGC holder review; investigation pending,https://www.cgccards.com/news/article/13730/,2026-08-16,The official notice publishes no item-level outcome or Not Genuine determination.
1401042299-098,Eligible for CGC holder review; investigation pending,https://www.cgccards.com/news/article/13730/,2026-08-16,The official notice publishes no item-level outcome or Not Genuine determination.
1401042299-099,Eligible for CGC holder review; investigation pending,https://www.cgccards.com/news/article/13730/,2026-08-16,The official notice publishes no item-level outcome or Not Genuine determination.
1401042299-100,Eligible for CGC holder review; investigation pending,https://www.cgccards.com/news/article/13730/,2026-08-16,The official notice publishes no item-level outcome or Not Genuine determination.
1401042299-101,Eligible for CGC holder review; investigation pending,https://www.cgccards.com/news/article/13730/,2026-08-16,The official notice publishes no item-level outcome or Not Genuine determination.
1401042299-102,Eligible for CGC holder review; investigation pending,https://www.cgccards.com/news/article/13730/,2026-08-16,The official notice publishes no item-level outcome or Not Genuine determination.
1401042299-103,Eligible for CGC holder review; investigation pending,https://www.cgccards.com/news/article/13730/,2026-08-16,The official notice publishes no item-level outcome or Not Genuine determination.
1401042299-104,Eligible for CGC holder review; investigation pending,https://www.cgccards.com/news/article/13730/,2026-08-16,The official notice publishes no item-level outcome or Not Genuine determination.
1401042299-105,Eligible for CGC holder review; investigation pending,https://www.cgccards.com/news/article/13730/,2026-08-16,The official notice publishes no item-level outcome or Not Genuine determination.
1401042299-106,Eligible for CGC holder review; investigation pending,https://www.cgccards.com/news/article/13730/,2026-08-16,The official notice publishes no item-level outcome or Not Genuine determination.
1401042299-107,Eligible for CGC holder review; investigation pending,https://www.cgccards.com/news/article/13730/,2026-08-16,The official notice publishes no item-level outcome or Not Genuine determination.
1401042299-108,Eligible for CGC holder review; investigation pending,https://www.cgccards.com/news/article/13730/,2026-08-16,The official notice publishes no item-level outcome or Not Genuine determination.
1401042299-109,Eligible for CGC holder review; investigation pending,https://www.cgccards.com/news/article/13730/,2026-08-16,The official notice publishes no item-level outcome or Not Genuine determination.
1401042299-110,Eligible for CGC holder review; investigation pending,https://www.cgccards.com/news/article/13730/,2026-08-16,The official notice publishes no item-level outcome or Not Genuine determination.
1401042299-111,Eligible for CGC holder review; investigation pending,https://www.cgccards.com/news/article/13730/,2026-08-16,The official notice publishes no item-level outcome or Not Genuine determination.
1401042299-112,Eligible for CGC holder review; investigation pending,https://www.cgccards.com/news/article/13730/,2026-08-16,The official notice publishes no item-level outcome or Not Genuine determination.
1401042299-113,Eligible for CGC holder review; investigation pending,https://www.cgccards.com/news/article/13730/,2026-08-16,The official notice publishes no item-level outcome or Not Genuine determination.
1401042299-114,Eligible for CGC holder review; investigation pending,https://www.cgccards.com/news/article/13730/,2026-08-16,The official notice publishes no item-level outcome or Not Genuine determination.
1401042299-115,Eligible for CGC holder review; investigation pending,https://www.cgccards.com/news/article/13730/,2026-08-16,The official notice publishes no item-level outcome or Not Genuine determination.
1401042299-116,Eligible for CGC holder review; investigation pending,https://www.cgccards.com/news/article/13730/,2026-08-16,The official notice publishes no item-level outcome or Not Genuine determination.
1401042299-117,Eligible for CGC holder review; investigation pending,https://www.cgccards.com/news/article/13730/,2026-08-16,The official notice publishes no item-level outcome or Not Genuine determination.
1401042299-118,Eligible for CGC holder review; investigation pending,https://www.cgccards.com/news/article/13730/,2026-08-16,The official notice publishes no item-level outcome or Not Genuine determination.
1401042299-119,Eligible for CGC holder review; investigation pending,https://www.cgccards.com/news/article/13730/,2026-08-16,The official notice publishes no item-level outcome or Not Genuine determination.
1401042299-120,Eligible for CGC holder review; investigation pending,https://www.cgccards.com/news/article/13730/,2026-08-16,The official notice publishes no item-level outcome or Not Genuine determination.
1401042299-121,Eligible for CGC holder review; investigation pending,https://www.cgccards.com/news/article/13730/,2026-08-16,The official notice publishes no item-level outcome or Not Genuine determination.
1401042299-122,Eligible for CGC holder review; investigation pending,https://www.cgccards.com/news/article/13730/,2026-08-16,The official notice publishes no item-level outcome or Not Genuine determination.
1401042299-123,Eligible for CGC holder review; investigation pending,https://www.cgccards.com/news/article/13730/,2026-08-16,The official notice publishes no item-level outcome or Not Genuine determination.
1401042299-124,Eligible for CGC holder review; investigation pending,https://www.cgccards.com/news/article/13730/,2026-08-16,The official notice publishes no item-level outcome or Not Genuine determination.
1401042299-125,Eligible for CGC holder review; investigation pending,https://www.cgccards.com/news/article/13730/,2026-08-16,The official notice publishes no item-level outcome or Not Genuine determination.
1401042299-126,Eligible for CGC holder review; investigation pending,https://www.cgccards.com/news/article/13730/,2026-08-16,The official notice publishes no item-level outcome or Not Genuine determination.
1401042299-127,Eligible for CGC holder review; investigation pending,https://www.cgccards.com/news/article/13730/,2026-08-16,The official notice publishes no item-level outcome or Not Genuine determination.
1401042299-128,Eligible for CGC holder review; investigation pending,https://www.cgccards.com/news/article/13730/,2026-08-16,The official notice publishes no item-level outcome or Not Genuine determination.
1401042299-129,Eligible for CGC holder review; investigation pending,https://www.cgccards.com/news/article/13730/,2026-08-16,The official notice publishes no item-level outcome or Not Genuine determination.
1401042299-130,Eligible for CGC holder review; investigation pending,https://www.cgccards.com/news/article/13730/,2026-08-16,The official notice publishes no item-level outcome or Not Genuine determination.
1401042299-131,Eligible for CGC holder review; investigation pending,https://www.cgccards.com/news/article/13730/,2026-08-16,The official notice publishes no item-level outcome or Not Genuine determination.
1401042299-132,Eligible for CGC holder review; investigation pending,https://www.cgccards.com/news/article/13730/,2026-08-16,The official notice publishes no item-level outcome or Not Genuine determination.
1401042299-133,Eligible for CGC holder review; investigation pending,https://www.cgccards.com/news/article/13730/,2026-08-16,The official notice publishes no item-level outcome or Not Genuine determination.
1401042299-134,Eligible for CGC holder review; investigation pending,https://www.cgccards.com/news/article/13730/,2026-08-16,The official notice publishes no item-level outcome or Not Genuine determination.
1401042299-135,Eligible for CGC holder review; investigation pending,https://www.cgccards.com/news/article/13730/,2026-08-16,The official notice publishes no item-level outcome or Not Genuine determination.
1401042299-136,Eligible for CGC holder review; investigation pending,https://www.cgccards.com/news/article/13730/,2026-08-16,The official notice publishes no item-level outcome or Not Genuine determination.
1401042299-137,Eligible for CGC holder review; investigation pending,https://www.cgccards.com/news/article/13730/,2026-08-16,The official notice publishes no item-level outcome or Not Genuine determination.
1401042299-138,Eligible for CGC holder review; investigation pending,https://www.cgccards.com/news/article/13730/,2026-08-16,The official notice publishes no item-level outcome or Not Genuine determination.
1401042299-139,Eligible for CGC holder review; investigation pending,https://www.cgccards.com/news/article/13730/,2026-08-16,The official notice publishes no item-level outcome or Not Genuine determination.
1401042299-140,Eligible for CGC holder review; investigation pending,https://www.cgccards.com/news/article/13730/,2026-08-16,The official notice publishes no item-level outcome or Not Genuine determination.
1401042299-141,Eligible for CGC holder review; investigation pending,https://www.cgccards.com/news/article/13730/,2026-08-16,The official notice publishes no item-level outcome or Not Genuine determination.
1401042299-142,Eligible for CGC holder review; investigation pending,https://www.cgccards.com/news/article/13730/,2026-08-16,The official notice publishes no item-level outcome or Not Genuine determination.
1401042299-143,Eligible for CGC holder review; investigation pending,https://www.cgccards.com/news/article/13730/,2026-08-16,The official notice publishes no item-level outcome or Not Genuine determination.
1401042299-144,Eligible for CGC holder review; investigation pending,https://www.cgccards.com/news/article/13730/,2026-08-16,The official notice publishes no item-level outcome or Not Genuine determination.
1401042299-145,Eligible for CGC holder review; investigation pending,https://www.cgccards.com/news/article/13730/,2026-08-16,The official notice publishes no item-level outcome or Not Genuine determination.
1401042299-146,Eligible for CGC holder review; investigation pending,https://www.cgccards.com/news/article/13730/,2026-08-16,The official notice publishes no item-level outcome or Not Genuine determination.
1401042299-147,Eligible for CGC holder review; investigation pending,https://www.cgccards.com/news/article/13730/,2026-08-16,The official notice publishes no item-level outcome or Not Genuine determination.
1401042299-148,Eligible for CGC holder review; investigation pending,https://www.cgccards.com/news/article/13730/,2026-08-16,The official notice publishes no item-level outcome or Not Genuine determination.
1401042299-149,Eligible for CGC holder review; investigation pending,https://www.cgccards.com/news/article/13730/,2026-08-16,The official notice publishes no item-level outcome or Not Genuine determination.
1401042299-150,Eligible for CGC holder review; investigation pending,https://www.cgccards.com/news/article/13730/,2026-08-16,The official notice publishes no item-level outcome or Not Genuine determination.
1401042299-151,Eligible for CGC holder review; investigation pending,https://www.cgccards.com/news/article/13730/,2026-08-16,The official notice publishes no item-level outcome or Not Genuine determination.
1401042397-001,Eligible for CGC holder review; investigation pending,https://www.cgccards.com/news/article/13730/,2026-08-16,The official notice publishes no item-level outcome or Not Genuine determination.
1401042397-002,Eligible for CGC holder review; investigation pending,https://www.cgccards.com/news/article/13730/,2026-08-16,The official notice publishes no item-level outcome or Not Genuine determination.
1401042518-001,Eligible for CGC holder review; investigation pending,https://www.cgccards.com/news/article/13730/,2026-08-16,The official notice publishes no item-level outcome or Not Genuine determination.
1401042679-001,Eligible for CGC holder review; investigation pending,https://www.cgccards.com/news/article/13730/,2026-08-16,The official notice publishes no item-level outcome or Not Genuine determination.
1401042679-002,Eligible for CGC holder review; investigation pending,https://www.cgccards.com/news/article/13730/,2026-08-16,The official notice publishes no item-level outcome or Not Genuine determination.
1401042679-003,Eligible for CGC holder review; investigation pending,https://www.cgccards.com/news/article/13730/,2026-08-16,The official notice publishes no item-level outcome or Not Genuine determination.
1401042679-004,Eligible for CGC holder review; investigation pending,https://www.cgccards.com/news/article/13730/,2026-08-16,The official notice publishes no item-level outcome or Not Genuine determination.
1401042679-005,Eligible for CGC holder review; investigation pending,https://www.cgccards.com/news/article/13730/,2026-08-16,The official notice publishes no item-level outcome or Not Genuine determination.
1401042679-006,Eligible for CGC holder review; investigation pending,https://www.cgccards.com/news/article/13730/,2026-08-16,The official notice publishes no item-level outcome or Not Genuine determination.
1401042679-007,Eligible for CGC holder review; investigation pending,https://www.cgccards.com/news/article/13730/,2026-08-16,The official notice publishes no item-level outcome or Not Genuine determination.
1401042679-008,Eligible for CGC holder review; investigation pending,https://www.cgccards.com/news/article/13730/,2026-08-16,The official notice publishes no item-level outcome or Not Genuine determination.
1401042679-009,Eligible for CGC holder review; investigation pending,https://www.cgccards.com/news/article/13730/,2026-08-16,The official notice publishes no item-level outcome or Not Genuine determination.
1401042679-010,Eligible for CGC holder review; investigation pending,https://www.cgccards.com/news/article/13730/,2026-08-16,The official notice publishes no item-level outcome or Not Genuine determination.
1401042679-011,Eligible for CGC holder review; investigation pending,https://www.cgccards.com/news/article/13730/,2026-08-16,The official notice publishes no item-level outcome or Not Genuine determination.
1401042679-012,Eligible for CGC holder review; investigation pending,https://www.cgccards.com/news/article/13730/,2026-08-16,The official notice publishes no item-level outcome or Not Genuine determination.
1401042679-013,Eligible for CGC holder review; investigation pending,https://www.cgccards.com/news/article/13730/,2026-08-16,The official notice publishes no item-level outcome or Not Genuine determination.
1401042679-014,Eligible for CGC holder review; investigation pending,https://www.cgccards.com/news/article/13730/,2026-08-16,The official notice publishes no item-level outcome or Not Genuine determination.
1401042679-015,Eligible for CGC holder review; investigation pending,https://www.cgccards.com/news/article/13730/,2026-08-16,The official notice publishes no item-level outcome or Not Genuine determination.
1401042679-016,Eligible for CGC holder review; investigation pending,https://www.cgccards.com/news/article/13730/,2026-08-16,The official notice publishes no item-level outcome or Not Genuine determination.
1401042679-017,Eligible for CGC holder review; investigation pending,https://www.cgccards.com/news/article/13730/,2026-08-16,The official notice publishes no item-level outcome or Not Genuine determination.
1401042679-018,Eligible for CGC holder review; investigation pending,https://www.cgccards.com/news/article/13730/,2026-08-16,The official notice publishes no item-level outcome or Not Genuine determination.
1401042679-019,Eligible for CGC holder review; investigation pending,https://www.cgccards.com/news/article/13730/,2026-08-16,The official notice publishes no item-level outcome or Not Genuine determination.
1401042679-020,Eligible for CGC holder review; investigation pending,https://www.cgccards.com/news/article/13730/,2026-08-16,The official notice publishes no item-level outcome or Not Genuine determination.
1401042679-021,Eligible for CGC holder review; investigation pending,https://www.cgccards.com/news/article/13730/,2026-08-16,The official notice publishes no item-level outcome or Not Genuine determination.
1401042679-022,Eligible for CGC holder review; investigation pending,https://www.cgccards.com/news/article/13730/,2026-08-16,The official notice publishes no item-level outcome or Not Genuine determination.
1401042679-023,Eligible for CGC holder review; investigation pending,https://www.cgccards.com/news/article/13730/,2026-08-16,The official notice publishes no item-level outcome or Not Genuine determination.
1401042679-024,Eligible for CGC holder review; investigation pending,https://www.cgccards.com/news/article/13730/,2026-08-16,The official notice publishes no item-level outcome or Not Genuine determination.
1401042679-025,Eligible for CGC holder review; investigation pending,https://www.cgccards.com/news/article/13730/,2026-08-16,The official notice publishes no item-level outcome or Not Genuine determination.
1401042679-026,Eligible for CGC holder review; investigation pending,https://www.cgccards.com/news/article/13730/,2026-08-16,The official notice publishes no item-level outcome or Not Genuine determination.
1401042679-027,Eligible for CGC holder review; investigation pending,https://www.cgccards.com/news/article/13730/,2026-08-16,The official notice publishes no item-level outcome or Not Genuine determination.
1401042679-028,Eligible for CGC holder review; investigation pending,https://www.cgccards.com/news/article/13730/,2026-08-16,The official notice publishes no item-level outcome or Not Genuine determination.
1401042679-029,Eligible for CGC holder review; investigation pending,https://www.cgccards.com/news/article/13730/,2026-08-16,The official notice publishes no item-level outcome or Not Genuine determination.
1401042679-030,Eligible for CGC holder review; investigation pending,https://www.cgccards.com/news/article/13730/,2026-08-16,The official notice publishes no item-level outcome or Not Genuine determination.
1401042679-031,Eligible for CGC holder review; investigation pending,https://www.cgccards.com/news/article/13730/,2026-08-16,The official notice publishes no item-level outcome or Not Genuine determination.
1401042679-032,Eligible for CGC holder review; investigation pending,https://www.cgccards.com/news/article/13730/,2026-08-16,The official notice publishes no item-level outcome or Not Genuine determination.
1401042679-033,Eligible for CGC holder review; investigation pending,https://www.cgccards.com/news/article/13730/,2026-08-16,The official notice publishes no item-level outcome or Not Genuine determination.
1401042679-034,Eligible for CGC holder review; investigation pending,https://www.cgccards.com/news/article/13730/,2026-08-16,The official notice publishes no item-level outcome or Not Genuine determination.
1401042679-035,Eligible for CGC holder review; investigation pending,https://www.cgccards.com/news/article/13730/,2026-08-16,The official notice publishes no item-level outcome or Not Genuine determination.
1401042679-036,Eligible for CGC holder review; investigation pending,https://www.cgccards.com/news/article/13730/,2026-08-16,The official notice publishes no item-level outcome or Not Genuine determination.
1401042679-037,Eligible for CGC holder review; investigation pending,https://www.cgccards.com/news/article/13730/,2026-08-16,The official notice publishes no item-level outcome or Not Genuine determination.
1401042679-038,Eligible for CGC holder review; investigation pending,https://www.cgccards.com/news/article/13730/,2026-08-16,The official notice publishes no item-level outcome or Not Genuine determination.
1401042679-039,Eligible for CGC holder review; investigation pending,https://www.cgccards.com/news/article/13730/,2026-08-16,The official notice publishes no item-level outcome or Not Genuine determination.
1401042679-040,Eligible for CGC holder review; investigation pending,https://www.cgccards.com/news/article/13730/,2026-08-16,The official notice publishes no item-level outcome or Not Genuine determination.
1401042679-041,Eligible for CGC holder review; investigation pending,https://www.cgccards.com/news/article/13730/,2026-08-16,The official notice publishes no item-level outcome or Not Genuine determination.
1401042679-042,Eligible for CGC holder review; investigation pending,https://www.cgccards.com/news/article/13730/,2026-08-16,The official notice publishes no item-level outcome or Not Genuine determination.
1401042679-043,Eligible for CGC holder review; investigation pending,https://www.cgccards.com/news/article/13730/,2026-08-16,The official notice publishes no item-level outcome or Not Genuine determination.
1401042679-044,Eligible for CGC holder review; investigation pending,https://www.cgccards.com/news/article/13730/,2026-08-16,The official notice publishes no item-level outcome or Not Genuine determination.
1401042679-045,Eligible for CGC holder review; investigation pending,https://www.cgccards.com/news/article/13730/,2026-08-16,The official notice publishes no item-level outcome or Not Genuine determination.
1401042679-046,Eligible for CGC holder review; investigation pending,https://www.cgccards.com/news/article/13730/,2026-08-16,The official notice publishes no item-level outcome or Not Genuine determination.
1401042679-047,Eligible for CGC holder review; investigation pending,https://www.cgccards.com/news/article/13730/,2026-08-16,The official notice publishes no item-level outcome or Not Genuine determination.
1401042679-048,Eligible for CGC holder review; investigation pending,https://www.cgccards.com/news/article/13730/,2026-08-16,The official notice publishes no item-level outcome or Not Genuine determination.
1401042679-049,Eligible for CGC holder review; investigation pending,https://www.cgccards.com/news/article/13730/,2026-08-16,The official notice publishes no item-level outcome or Not Genuine determination.
1401042679-050,Eligible for CGC holder review; investigation pending,https://www.cgccards.com/news/article/13730/,2026-08-16,The official notice publishes no item-level outcome or Not Genuine determination.
1401042679-051,Eligible for CGC holder review; investigation pending,https://www.cgccards.com/news/article/13730/,2026-08-16,The official notice publishes no item-level outcome or Not Genuine determination.
1401042679-052,Eligible for CGC holder review; investigation pending,https://www.cgccards.com/news/article/13730/,2026-08-16,The official notice publishes no item-level outcome or Not Genuine determination.
1401042679-053,Eligible for CGC holder review; investigation pending,https://www.cgccards.com/news/article/13730/,2026-08-16,The official notice publishes no item-level outcome or Not Genuine determination.
1401042679-054,Eligible for CGC holder review; investigation pending,https://www.cgccards.com/news/article/13730/,2026-08-16,The official notice publishes no item-level outcome or Not Genuine determination.
1401042679-055,Eligible for CGC holder review; investigation pending,https://www.cgccards.com/news/article/13730/,2026-08-16,The official notice publishes no item-level outcome or Not Genuine determination.
1401042679-056,Eligible for CGC holder review; investigation pending,https://www.cgccards.com/news/article/13730/,2026-08-16,The official notice publishes no item-level outcome or Not Genuine determination.
1401042679-057,Eligible for CGC holder review; investigation pending,https://www.cgccards.com/news/article/13730/,2026-08-16,The official notice publishes no item-level outcome or Not Genuine determination.
1401042679-058,Eligible for CGC holder review; investigation pending,https://www.cgccards.com/news/article/13730/,2026-08-16,The official notice publishes no item-level outcome or Not Genuine determination.
1401042679-059,Eligible for CGC holder review; investigation pending,https://www.cgccards.com/news/article/13730/,2026-08-16,The official notice publishes no item-level outcome or Not Genuine determination.
1401042679-060,Eligible for CGC holder review; investigation pending,https://www.cgccards.com/news/article/13730/,2026-08-16,The official notice publishes no item-level outcome or Not Genuine determination.
1401042679-061,Eligible for CGC holder review; investigation pending,https://www.cgccards.com/news/article/13730/,2026-08-16,The official notice publishes no item-level outcome or Not Genuine determination.
1401042679-062,Eligible for CGC holder review; investigation pending,https://www.cgccards.com/news/article/13730/,2026-08-16,The official notice publishes no item-level outcome or Not Genuine determination.
1401042679-063,Eligible for CGC holder review; investigation pending,https://www.cgccards.com/news/article/13730/,2026-08-16,The official notice publishes no item-level outcome or Not Genuine determination.
1401042679-064,Eligible for CGC holder review; investigation pending,https://www.cgccards.com/news/article/13730/,2026-08-16,The official notice publishes no item-level outcome or Not Genuine determination.
1401042679-065,Eligible for CGC holder review; investigation pending,https://www.cgccards.com/news/article/13730/,2026-08-16,The official notice publishes no item-level outcome or Not Genuine determination.
1401042679-066,Eligible for CGC holder review; investigation pending,https://www.cgccards.com/news/article/13730/,2026-08-16,The official notice publishes no item-level outcome or Not Genuine determination.
1401042679-067,Eligible for CGC holder review; investigation pending,https://www.cgccards.com/news/article/13730/,2026-08-16,The official notice publishes no item-level outcome or Not Genuine determination.
1401042679-068,Eligible for CGC holder review; investigation pending,https://www.cgccards.com/news/article/13730/,2026-08-16,The official notice publishes no item-level outcome or Not Genuine determination.
1401042679-069,Eligible for CGC holder review; investigation pending,https://www.cgccards.com/news/article/13730/,2026-08-16,The official notice publishes no item-level outcome or Not Genuine determination.
1401042679-070,Eligible for CGC holder review; investigation pending,https://www.cgccards.com/news/article/13730/,2026-08-16,The official notice publishes no item-level outcome or Not Genuine determination.
1401042679-071,Eligible for CGC holder review; investigation pending,https://www.cgccards.com/news/article/13730/,2026-08-16,The official notice publishes no item-level outcome or Not Genuine determination.
1401042679-072,Eligible for CGC holder review; investigation pending,https://www.cgccards.com/news/article/13730/,2026-08-16,The official notice publishes no item-level outcome or Not Genuine determination.
1401042679-073,Eligible for CGC holder review; investigation pending,https://www.cgccards.com/news/article/13730/,2026-08-16,The official notice publishes no item-level outcome or Not Genuine determination.
1401042679-074,Eligible for CGC holder review; investigation pending,https://www.cgccards.com/news/article/13730/,2026-08-16,The official notice publishes no item-level outcome or Not Genuine determination.
1401042679-075,Eligible for CGC holder review; investigation pending,https://www.cgccards.com/news/article/13730/,2026-08-16,The official notice publishes no item-level outcome or Not Genuine determination.
1401042679-076,Eligible for CGC holder review; investigation pending,https://www.cgccards.com/news/article/13730/,2026-08-16,The official notice publishes no item-level outcome or Not Genuine determination.
1401042679-077,Eligible for CGC holder review; investigation pending,https://www.cgccards.com/news/article/13730/,2026-08-16,The official notice publishes no item-level outcome or Not Genuine determination.
1401042679-078,Eligible for CGC holder review; investigation pending,https://www.cgccards.com/news/article/13730/,2026-08-16,The official notice publishes no item-level outcome or Not Genuine determination.
1401042679-079,Eligible for CGC holder review; investigation pending,https://www.cgccards.com/news/article/13730/,2026-08-16,The official notice publishes no item-level outcome or Not Genuine determination.
1401042679-080,Eligible for CGC holder review; investigation pending,https://www.cgccards.com/news/article/13730/,2026-08-16,The official notice publishes no item-level outcome or Not Genuine determination.
1401042679-081,Eligible for CGC holder review; investigation pending,https://www.cgccards.com/news/article/13730/,2026-08-16,The official notice publishes no item-level outcome or Not Genuine determination.
1401042679-082,Eligible for CGC holder review; investigation pending,https://www.cgccards.com/news/article/13730/,2026-08-16,The official notice publishes no item-level outcome or Not Genuine determination.
1401042679-083,Eligible for CGC holder review; investigation pending,https://www.cgccards.com/news/article/13730/,2026-08-16,The official notice publishes no item-level outcome or Not Genuine determination.
1401042679-084,Eligible for CGC holder review; investigation pending,https://www.cgccards.com/news/article/13730/,2026-08-16,The official notice publishes no item-level outcome or Not Genuine determination.
1401042679-085,Eligible for CGC holder review; investigation pending,https://www.cgccards.com/news/article/13730/,2026-08-16,The official notice publishes no item-level outcome or Not Genuine determination.
1401042679-086,Eligible for CGC holder review; investigation pending,https://www.cgccards.com/news/article/13730/,2026-08-16,The official notice publishes no item-level outcome or Not Genuine determination.
1401042679-087,Eligible for CGC holder review; investigation pending,https://www.cgccards.com/news/article/13730/,2026-08-16,The official notice publishes no item-level outcome or Not Genuine determination.
1401042679-088,Eligible for CGC holder review; investigation pending,https://www.cgccards.com/news/article/13730/,2026-08-16,The official notice publishes no item-level outcome or Not Genuine determination.
1401042679-089,Eligible for CGC holder review; investigation pending,https://www.cgccards.com/news/article/13730/,2026-08-16,The official notice publishes no item-level outcome or Not Genuine determination.
1401042679-090,Eligible for CGC holder review; investigation pending,https://www.cgccards.com/news/article/13730/,2026-08-16,The official notice publishes no item-level outcome or Not Genuine determination.
1401042679-091,Eligible for CGC holder review; investigation pending,https://www.cgccards.com/news/article/13730/,2026-08-16,The official notice publishes no item-level outcome or Not Genuine determination.
1401042679-092,Eligible for CGC holder review; investigation pending,https://www.cgccards.com/news/article/13730/,2026-08-16,The official notice publishes no item-level outcome or Not Genuine determination.
1401042679-093,Eligible for CGC holder review; investigation pending,https://www.cgccards.com/news/article/13730/,2026-08-16,The official notice publishes no item-level outcome or Not Genuine determination.
1401042679-094,Eligible for CGC holder review; investigation pending,https://www.cgccards.com/news/article/13730/,2026-08-16,The official notice publishes no item-level outcome or Not Genuine determination.
1401042679-095,Eligible for CGC holder review; investigation pending,https://www.cgccards.com/news/article/13730/,2026-08-16,The official notice publishes no item-level outcome or Not Genuine determination.
1401042679-096,Eligible for CGC holder review; investigation pending,https://www.cgccards.com/news/article/13730/,2026-08-16,The official notice publishes no item-level outcome or Not Genuine determination.
1401042679-097,Eligible for CGC holder review; investigation pending,https://www.cgccards.com/news/article/13730/,2026-08-16,The official notice publishes no item-level outcome or Not Genuine determination.
1401042679-098,Eligible for CGC holder review; investigation pending,https://www.cgccards.com/news/article/13730/,2026-08-16,The official notice publishes no item-level outcome or Not Genuine determination.
1401042679-099,Eligible for CGC holder review; investigation pending,https://www.cgccards.com/news/article/13730/,2026-08-16,The official notice publishes no item-level outcome or Not Genuine determination.
1401042679-100,Eligible for CGC holder review; investigation pending,https://www.cgccards.com/news/article/13730/,2026-08-16,The official notice publishes no item-level outcome or Not Genuine determination.
1401042679-101,Eligible for CGC holder review; investigation pending,https://www.cgccards.com/news/article/13730/,2026-08-16,The official notice publishes no item-level outcome or Not Genuine determination.
1401042679-102,Eligible for CGC holder review; investigation pending,https://www.cgccards.com/news/article/13730/,2026-08-16,The official notice publishes no item-level outcome or Not Genuine determination.
1401042679-103,Eligible for CGC holder review; investigation pending,https://www.cgccards.com/news/article/13730/,2026-08-16,The official notice publishes no item-level outcome or Not Genuine determination.
1401042679-104,Eligible for CGC holder review; investigation pending,https://www.cgccards.com/news/article/13730/,2026-08-16,The official notice publishes no item-level outcome or Not Genuine determination.
1401042679-105,Eligible for CGC holder review; investigation pending,https://www.cgccards.com/news/article/13730/,2026-08-16,The official notice publishes no item-level outcome or Not Genuine determination.
1401042679-106,Eligible for CGC holder review; investigation pending,https://www.cgccards.com/news/article/13730/,2026-08-16,The official notice publishes no item-level outcome or Not Genuine determination.
1401042679-107,Eligible for CGC holder review; investigation pending,https://www.cgccards.com/news/article/13730/,2026-08-16,The official notice publishes no item-level outcome or Not Genuine determination.
1401042679-108,Eligible for CGC holder review; investigation pending,https://www.cgccards.com/news/article/13730/,2026-08-16,The official notice publishes no item-level outcome or Not Genuine determination.
1401042679-109,Eligible for CGC holder review; investigation pending,https://www.cgccards.com/news/article/13730/,2026-08-16,The official notice publishes no item-level outcome or Not Genuine determination.
1401042679-110,Eligible for CGC holder review; investigation pending,https://www.cgccards.com/news/article/13730/,2026-08-16,The official notice publishes no item-level outcome or Not Genuine determination.
1401042679-111,Eligible for CGC holder review; investigation pending,https://www.cgccards.com/news/article/13730/,2026-08-16,The official notice publishes no item-level outcome or Not Genuine determination.
1401042679-112,Eligible for CGC holder review; investigation pending,https://www.cgccards.com/news/article/13730/,2026-08-16,The official notice publishes no item-level outcome or Not Genuine determination.
1401042679-113,Eligible for CGC holder review; investigation pending,https://www.cgccards.com/news/article/13730/,2026-08-16,The official notice publishes no item-level outcome or Not Genuine determination.
1401042679-114,Eligible for CGC holder review; investigation pending,https://www.cgccards.com/news/article/13730/,2026-08-16,The official notice publishes no item-level outcome or Not Genuine determination.
1401042679-115,Eligible for CGC holder review; investigation pending,https://www.cgccards.com/news/article/13730/,2026-08-16,The official notice publishes no item-level outcome or Not Genuine determination.
1401042679-116,Eligible for CGC holder review; investigation pending,https://www.cgccards.com/news/article/13730/,2026-08-16,The official notice publishes no item-level outcome or Not Genuine determination.
1401042679-117,Eligible for CGC holder review; investigation pending,https://www.cgccards.com/news/article/13730/,2026-08-16,The official notice publishes no item-level outcome or Not Genuine determination.
1401042679-118,Eligible for CGC holder review; investigation pending,https://www.cgccards.com/news/article/13730/,2026-08-16,The official notice publishes no item-level outcome or Not Genuine determination.
1401042679-119,Eligible for CGC holder review; investigation pending,https://www.cgccards.com/news/article/13730/,2026-08-16,The official notice publishes no item-level outcome or Not Genuine determination.
1401042679-120,Eligible for CGC holder review; investigation pending,https://www.cgccards.com/news/article/13730/,2026-08-16,The official notice publishes no item-level outcome or Not Genuine determination.
1401042679-121,Eligible for CGC holder review; investigation pending,https://www.cgccards.com/news/article/13730/,2026-08-16,The official notice publishes no item-level outcome or Not Genuine determination.
1401042679-122,Eligible for CGC holder review; investigation pending,https://www.cgccards.com/news/article/13730/,2026-08-16,The official notice publishes no item-level outcome or Not Genuine determination.
1401042679-123,Eligible for CGC holder review; investigation pending,https://www.cgccards.com/news/article/13730/,2026-08-16,The official notice publishes no item-level outcome or Not Genuine determination.
1401042679-124,Eligible for CGC holder review; investigation pending,https://www.cgccards.com/news/article/13730/,2026-08-16,The official notice publishes no item-level outcome or Not Genuine determination.
1401042679-125,Eligible for CGC holder review; investigation pending,https://www.cgccards.com/news/article/13730/,2026-08-16,The official notice publishes no item-level outcome or Not Genuine determination.
1401042679-126,Eligible for CGC holder review; investigation pending,https://www.cgccards.com/news/article/13730/,2026-08-16,The official notice publishes no item-level outcome or Not Genuine determination.
1401042679-127,Eligible for CGC holder review; investigation pending,https://www.cgccards.com/news/article/13730/,2026-08-16,The official notice publishes no item-level outcome or Not Genuine determination.
1401042679-128,Eligible for CGC holder review; investigation pending,https://www.cgccards.com/news/article/13730/,2026-08-16,The official notice publishes no item-level outcome or Not Genuine determination.
1401042679-129,Eligible for CGC holder review; investigation pending,https://www.cgccards.com/news/article/13730/,2026-08-16,The official notice publishes no item-level outcome or Not Genuine determination.
1401042679-130,Eligible for CGC holder review; investigation pending,https://www.cgccards.com/news/article/13730/,2026-08-16,The official notice publishes no item-level outcome or Not Genuine determination.
1401042679-131,Eligible for CGC holder review; investigation pending,https://www.cgccards.com/news/article/13730/,2026-08-16,The official notice publishes no item-level outcome or Not Genuine determination.
1401042679-132,Eligible for CGC holder review; investigation pending,https://www.cgccards.com/news/article/13730/,2026-08-16,The official notice publishes no item-level outcome or Not Genuine determination.
1401042679-133,Eligible for CGC holder review; investigation pending,https://www.cgccards.com/news/article/13730/,2026-08-16,The official notice publishes no item-level outcome or Not Genuine determination.
1401042679-134,Eligible for CGC holder review; investigation pending,https://www.cgccards.com/news/article/13730/,2026-08-16,The official notice publishes no item-level outcome or Not Genuine determination.
1401042679-135,Eligible for CGC holder review; investigation pending,https://www.cgccards.com/news/article/13730/,2026-08-16,The official notice publishes no item-level outcome or Not Genuine determination.
1401042679-136,Eligible for CGC holder review; investigation pending,https://www.cgccards.com/news/article/13730/,2026-08-16,The official notice publishes no item-level outcome or Not Genuine determination.
1401042679-137,Eligible for CGC holder review; investigation pending,https://www.cgccards.com/news/article/13730/,2026-08-16,The official notice publishes no item-level outcome or Not Genuine determination.
1401042679-138,Eligible for CGC holder review; investigation pending,https://www.cgccards.com/news/article/13730/,2026-08-16,The official notice publishes no item-level outcome or Not Genuine determination.
1401042679-139,Eligible for CGC holder review; investigation pending,https://www.cgccards.com/news/article/13730/,2026-08-16,The official notice publishes no item-level outcome or Not Genuine determination.
1401042679-140,Eligible for CGC holder review; investigation pending,https://www.cgccards.com/news/article/13730/,2026-08-16,The official notice publishes no item-level outcome or Not Genuine determination.
1401042679-141,Eligible for CGC holder review; investigation pending,https://www.cgccards.com/news/article/13730/,2026-08-16,The official notice publishes no item-level outcome or Not Genuine determination.
1401042679-142,Eligible for CGC holder review; investigation pending,https://www.cgccards.com/news/article/13730/,2026-08-16,The official notice publishes no item-level outcome or Not Genuine determination.
1401042679-143,Eligible for CGC holder review; investigation pending,https://www.cgccards.com/news/article/13730/,2026-08-16,The official notice publishes no item-level outcome or Not Genuine determination.
1401042679-144,Eligible for CGC holder review; investigation pending,https://www.cgccards.com/news/article/13730/,2026-08-16,The official notice publishes no item-level outcome or Not Genuine determination.
1401042679-145,Eligible for CGC holder review; investigation pending,https://www.cgccards.com/news/article/13730/,2026-08-16,The official notice publishes no item-level outcome or Not Genuine determination.
1401042679-146,Eligible for CGC holder review; investigation pending,https://www.cgccards.com/news/article/13730/,2026-08-16,The official notice publishes no item-level outcome or Not Genuine determination.
1401042679-147,Eligible for CGC holder review; investigation pending,https://www.cgccards.com/news/article/13730/,2026-08-16,The official notice publishes no item-level outcome or Not Genuine determination.
1401042679-148,Eligible for CGC holder review; investigation pending,https://www.cgccards.com/news/article/13730/,2026-08-16,The official notice publishes no item-level outcome or Not Genuine determination.
1401042679-149,Eligible for CGC holder review; investigation pending,https://www.cgccards.com/news/article/13730/,2026-08-16,The official notice publishes no item-level outcome or Not Genuine determination.
1401042679-150,Eligible for CGC holder review; investigation pending,https://www.cgccards.com/news/article/13730/,2026-08-16,The official notice publishes no item-level outcome or Not Genuine determination.
1401042679-151,Eligible for CGC holder review; investigation pending,https://www.cgccards.com/news/article/13730/,2026-08-16,The official notice publishes no item-level outcome or Not Genuine determination.
1401042689-001,Eligible for CGC holder review; investigation pending,https://www.cgccards.com/news/article/13730/,2026-08-16,The official notice publishes no item-level outcome or Not Genuine determination.
1401042689-002,Eligible for CGC holder review; investigation pending,https://www.cgccards.com/news/article/13730/,2026-08-16,The official notice publishes no item-level outcome or Not Genuine determination.
1401042689-003,Eligible for CGC holder review; investigation pending,https://www.cgccards.com/news/article/13730/,2026-08-16,The official notice publishes no item-level outcome or Not Genuine determination.
1401042689-004,Eligible for CGC holder review; investigation pending,https://www.cgccards.com/news/article/13730/,2026-08-16,The official notice publishes no item-level outcome or Not Genuine determination.
1401042689-005,Eligible for CGC holder review; investigation pending,https://www.cgccards.com/news/article/13730/,2026-08-16,The official notice publishes no item-level outcome or Not Genuine determination.
1401042689-006,Eligible for CGC holder review; investigation pending,https://www.cgccards.com/news/article/13730/,2026-08-16,The official notice publishes no item-level outcome or Not Genuine determination.
1401042689-007,Eligible for CGC holder review; investigation pending,https://www.cgccards.com/news/article/13730/,2026-08-16,The official notice publishes no item-level outcome or Not Genuine determination.
1401042689-008,Eligible for CGC holder review; investigation pending,https://www.cgccards.com/news/article/13730/,2026-08-16,The official notice publishes no item-level outcome or Not Genuine determination.
1401042689-009,Eligible for CGC holder review; investigation pending,https://www.cgccards.com/news/article/13730/,2026-08-16,The official notice publishes no item-level outcome or Not Genuine determination.
1401042689-010,Eligible for CGC holder review; investigation pending,https://www.cgccards.com/news/article/13730/,2026-08-16,The official notice publishes no item-level outcome or Not Genuine determination.
1401042689-011,Eligible for CGC holder review; investigation pending,https://www.cgccards.com/news/article/13730/,2026-08-16,The official notice publishes no item-level outcome or Not Genuine determination.
1401042689-012,Eligible for CGC holder review; investigation pending,https://www.cgccards.com/news/article/13730/,2026-08-16,The official notice publishes no item-level outcome or Not Genuine determination.
1401042689-013,Eligible for CGC holder review; investigation pending,https://www.cgccards.com/news/article/13730/,2026-08-16,The official notice publishes no item-level outcome or Not Genuine determination.
1401042689-014,Eligible for CGC holder review; investigation pending,https://www.cgccards.com/news/article/13730/,2026-08-16,The official notice publishes no item-level outcome or Not Genuine determination.
1401042689-015,Eligible for CGC holder review; investigation pending,https://www.cgccards.com/news/article/13730/,2026-08-16,The official notice publishes no item-level outcome or Not Genuine determination.
1401042689-016,Eligible for CGC holder review; investigation pending,https://www.cgccards.com/news/article/13730/,2026-08-16,The official notice publishes no item-level outcome or Not Genuine determination.
1401042689-017,Eligible for CGC holder review; investigation pending,https://www.cgccards.com/news/article/13730/,2026-08-16,The official notice publishes no item-level outcome or Not Genuine determination.
1401042689-018,Eligible for CGC holder review; investigation pending,https://www.cgccards.com/news/article/13730/,2026-08-16,The official notice publishes no item-level outcome or Not Genuine determination.
1401042689-019,Eligible for CGC holder review; investigation pending,https://www.cgccards.com/news/article/13730/,2026-08-16,The official notice publishes no item-level outcome or Not Genuine determination.
1401042689-020,Eligible for CGC holder review; investigation pending,https://www.cgccards.com/news/article/13730/,2026-08-16,The official notice publishes no item-level outcome or Not Genuine determination.
1401042689-021,Eligible for CGC holder review; investigation pending,https://www.cgccards.com/news/article/13730/,2026-08-16,The official notice publishes no item-level outcome or Not Genuine determination.
1401042689-022,Eligible for CGC holder review; investigation pending,https://www.cgccards.com/news/article/13730/,2026-08-16,The official notice publishes no item-level outcome or Not Genuine determination.
1401042689-023,Eligible for CGC holder review; investigation pending,https://www.cgccards.com/news/article/13730/,2026-08-16,The official notice publishes no item-level outcome or Not Genuine determination.
1401042689-024,Eligible for CGC holder review; investigation pending,https://www.cgccards.com/news/article/13730/,2026-08-16,The official notice publishes no item-level outcome or Not Genuine determination.
1401042689-025,Eligible for CGC holder review; investigation pending,https://www.cgccards.com/news/article/13730/,2026-08-16,The official notice publishes no item-level outcome or Not Genuine determination.
1401042689-026,Eligible for CGC holder review; investigation pending,https://www.cgccards.com/news/article/13730/,2026-08-16,The official notice publishes no item-level outcome or Not Genuine determination.
1401043264-002,Eligible for CGC holder review; investigation pending,https://www.cgccards.com/news/article/13730/,2026-08-16,The official notice publishes no item-level outcome or Not Genuine determination.
1401043264-003,Eligible for CGC holder review; investigation pending,https://www.cgccards.com/news/article/13730/,2026-08-16,The official notice publishes no item-level outcome or Not Genuine determination.
1401043264-004,Eligible for CGC holder review; investigation pending,https://www.cgccards.com/news/article/13730/,2026-08-16,The official notice publishes no item-level outcome or Not Genuine determination.
1401043264-005,Eligible for CGC holder review; investigation pending,https://www.cgccards.com/news/article/13730/,2026-08-16,The official notice publishes no item-level outcome or Not Genuine determination.
1401043264-006,Eligible for CGC holder review; investigation pending,https://www.cgccards.com/news/article/13730/,2026-08-16,The official notice publishes no item-level outcome or Not Genuine determination.
1401043264-007,Eligible for CGC holder review; investigation pending,https://www.cgccards.com/news/article/13730/,2026-08-16,The official notice publishes no item-level outcome or Not Genuine determination.
1401043264-008,Eligible for CGC holder review; investigation pending,https://www.cgccards.com/news/article/13730/,2026-08-16,The official notice publishes no item-level outcome or Not Genuine determination.
1401043264-009,Eligible for CGC holder review; investigation pending,https://www.cgccards.com/news/article/13730/,2026-08-16,The official notice publishes no item-level outcome or Not Genuine determination.
1401043264-010,Eligible for CGC holder review; investigation pending,https://www.cgccards.com/news/article/13730/,2026-08-16,The official notice publishes no item-level outcome or Not Genuine determination.
1401043264-011,Eligible for CGC holder review; investigation pending,https://www.cgccards.com/news/article/13730/,2026-08-16,The official notice publishes no item-level outcome or Not Genuine determination.
1401043264-012,Eligible for CGC holder review; investigation pending,https://www.cgccards.com/news/article/13730/,2026-08-16,The official notice publishes no item-level outcome or Not Genuine determination.
1401043264-013,Eligible for CGC holder review; investigation pending,https://www.cgccards.com/news/article/13730/,2026-08-16,The official notice publishes no item-level outcome or Not Genuine determination.
1401043264-014,Eligible for CGC holder review; investigation pending,https://www.cgccards.com/news/article/13730/,2026-08-16,The official notice publishes no item-level outcome or Not Genuine determination.
1401043264-015,Eligible for CGC holder review; investigation pending,https://www.cgccards.com/news/article/13730/,2026-08-16,The official notice publishes no item-level outcome or Not Genuine determination.
1401043264-016,Eligible for CGC holder review; investigation pending,https://www.cgccards.com/news/article/13730/,2026-08-16,The official notice publishes no item-level outcome or Not Genuine determination.
1401043264-017,Eligible for CGC holder review; investigation pending,https://www.cgccards.com/news/article/13730/,2026-08-16,The official notice publishes no item-level outcome or Not Genuine determination.
1401043264-018,Eligible for CGC holder review; investigation pending,https://www.cgccards.com/news/article/13730/,2026-08-16,The official notice publishes no item-level outcome or Not Genuine determination.
1401043264-019,Eligible for CGC holder review; investigation pending,https://www.cgccards.com/news/article/13730/,2026-08-16,The official notice publishes no item-level outcome or Not Genuine determination.
1401043264-020,Eligible for CGC holder review; investigation pending,https://www.cgccards.com/news/article/13730/,2026-08-16,The official notice publishes no item-level outcome or Not Genuine determination.
1401043264-021,Eligible for CGC holder review; investigation pending,https://www.cgccards.com/news/article/13730/,2026-08-16,The official notice publishes no item-level outcome or Not Genuine determination.
1401043264-022,Eligible for CGC holder review; investigation pending,https://www.cgccards.com/news/article/13730/,2026-08-16,The official notice publishes no item-level outcome or Not Genuine determination.
1401043264-023,Eligible for CGC holder review; investigation pending,https://www.cgccards.com/news/article/13730/,2026-08-16,The official notice publishes no item-level outcome or Not Genuine determination.
1401043264-024,Eligible for CGC holder review; investigation pending,https://www.cgccards.com/news/article/13730/,2026-08-16,The official notice publishes no item-level outcome or Not Genuine determination.
1401043264-025,Eligible for CGC holder review; investigation pending,https://www.cgccards.com/news/article/13730/,2026-08-16,The official notice publishes no item-level outcome or Not Genuine determination.
1401043264-026,Eligible for CGC holder review; investigation pending,https://www.cgccards.com/news/article/13730/,2026-08-16,The official notice publishes no item-level outcome or Not Genuine determination.
1401043264-027,Eligible for CGC holder review; investigation pending,https://www.cgccards.com/news/article/13730/,2026-08-16,The official notice publishes no item-level outcome or Not Genuine determination.
1401043498-001,Eligible for CGC holder review; investigation pending,https://www.cgccards.com/news/article/13730/,2026-08-16,The official notice publishes no item-level outcome or Not Genuine determination.
1401043498-002,Eligible for CGC holder review; investigation pending,https://www.cgccards.com/news/article/13730/,2026-08-16,The official notice publishes no item-level outcome or Not Genuine determination.
1401043498-003,Eligible for CGC holder review; investigation pending,https://www.cgccards.com/news/article/13730/,2026-08-16,The official notice publishes no item-level outcome or Not Genuine determination.
1401043498-004,Eligible for CGC holder review; investigation pending,https://www.cgccards.com/news/article/13730/,2026-08-16,The official notice publishes no item-level outcome or Not Genuine determination.
1401043498-005,Eligible for CGC holder review; investigation pending,https://www.cgccards.com/news/article/13730/,2026-08-16,The official notice publishes no item-level outcome or Not Genuine determination.
1401043498-006,Eligible for CGC holder review; investigation pending,https://www.cgccards.com/news/article/13730/,2026-08-16,The official notice publishes no item-level outcome or Not Genuine determination.
1401043498-007,Eligible for CGC holder review; investigation pending,https://www.cgccards.com/news/article/13730/,2026-08-16,The official notice publishes no item-level outcome or Not Genuine determination.
1401043498-008,Eligible for CGC holder review; investigation pending,https://www.cgccards.com/news/article/13730/,2026-08-16,The official notice publishes no item-level outcome or Not Genuine determination.
1401043498-009,Eligible for CGC holder review; investigation pending,https://www.cgccards.com/news/article/13730/,2026-08-16,The official notice publishes no item-level outcome or Not Genuine determination.
1401043498-010,Eligible for CGC holder review; investigation pending,https://www.cgccards.com/news/article/13730/,2026-08-16,The official notice publishes no item-level outcome or Not Genuine determination.
1401043498-011,Eligible for CGC holder review; investigation pending,https://www.cgccards.com/news/article/13730/,2026-08-16,The official notice publishes no item-level outcome or Not Genuine determination.
1401043498-012,Eligible for CGC holder review; investigation pending,https://www.cgccards.com/news/article/13730/,2026-08-16,The official notice publishes no item-level outcome or Not Genuine determination.
1401043498-013,Eligible for CGC holder review; investigation pending,https://www.cgccards.com/news/article/13730/,2026-08-16,The official notice publishes no item-level outcome or Not Genuine determination.
1401044237-001,Eligible for CGC holder review; investigation pending,https://www.cgccards.com/news/article/13730/,2026-08-16,The official notice publishes no item-level outcome or Not Genuine determination.
1401044237-002,Eligible for CGC holder review; investigation pending,https://www.cgccards.com/news/article/13730/,2026-08-16,The official notice publishes no item-level outcome or Not Genuine determination.
1401044237-003,Eligible for CGC holder review; investigation pending,https://www.cgccards.com/news/article/13730/,2026-08-16,The official notice publishes no item-level outcome or Not Genuine determination.
1401044257-002,Eligible for CGC holder review; investigation pending,https://www.cgccards.com/news/article/13730/,2026-08-16,The official notice publishes no item-level outcome or Not Genuine determination.
1401044257-003,Eligible for CGC holder review; investigation pending,https://www.cgccards.com/news/article/13730/,2026-08-16,The official notice publishes no item-level outcome or Not Genuine determination.
1401044257-004,Eligible for CGC holder review; investigation pending,https://www.cgccards.com/news/article/13730/,2026-08-16,The official notice publishes no item-level outcome or Not Genuine determination.
1401044257-005,Eligible for CGC holder review; investigation pending,https://www.cgccards.com/news/article/13730/,2026-08-16,The official notice publishes no item-level outcome or Not Genuine determination.
1401044257-006,Eligible for CGC holder review; investigation pending,https://www.cgccards.com/news/article/13730/,2026-08-16,The official notice publishes no item-level outcome or Not Genuine determination.
1401044257-007,Eligible for CGC holder review; investigation pending,https://www.cgccards.com/news/article/13730/,2026-08-16,The official notice publishes no item-level outcome or Not Genuine determination.
1401044257-008,Eligible for CGC holder review; investigation pending,https://www.cgccards.com/news/article/13730/,2026-08-16,The official notice publishes no item-level outcome or Not Genuine determination.
1401044257-009,Eligible for CGC holder review; investigation pending,https://www.cgccards.com/news/article/13730/,2026-08-16,The official notice publishes no item-level outcome or Not Genuine determination.
1401044257-010,Eligible for CGC holder review; investigation pending,https://www.cgccards.com/news/article/13730/,2026-08-16,The official notice publishes no item-level outcome or Not Genuine determination.
1401044257-011,Eligible for CGC holder review; investigation pending,https://www.cgccards.com/news/article/13730/,2026-08-16,The official notice publishes no item-level outcome or Not Genuine determination.
1401044257-012,Eligible for CGC holder review; investigation pending,https://www.cgccards.com/news/article/13730/,2026-08-16,The official notice publishes no item-level outcome or Not Genuine determination.
1401044257-013,Eligible for CGC holder review; investigation pending,https://www.cgccards.com/news/article/13730/,2026-08-16,The official notice publishes no item-level outcome or Not Genuine determination.
1401044258-001,Eligible for CGC holder review; investigation pending,https://www.cgccards.com/news/article/13730/,2026-08-16,The official notice publishes no item-level outcome or Not Genuine determination.
1401044258-002,Eligible for CGC holder review; investigation pending,https://www.cgccards.com/news/article/13730/,2026-08-16,The official notice publishes no item-level outcome or Not Genuine determination.
1401044258-003,Eligible for CGC holder review; investigation pending,https://www.cgccards.com/news/article/13730/,2026-08-16,The official notice publishes no item-level outcome or Not Genuine determination.
1401044258-004,Eligible for CGC holder review; investigation pending,https://www.cgccards.com/news/article/13730/,2026-08-16,The official notice publishes no item-level outcome or Not Genuine determination.
1401044258-005,Eligible for CGC holder review; investigation pending,https://www.cgccards.com/news/article/13730/,2026-08-16,The official notice publishes no item-level outcome or Not Genuine determination.
1401044258-006,Eligible for CGC holder review; investigation pending,https://www.cgccards.com/news/article/13730/,2026-08-16,The official notice publishes no item-level outcome or Not Genuine determination.
1401044258-007,Eligible for CGC holder review; investigation pending,https://www.cgccards.com/news/article/13730/,2026-08-16,The official notice publishes no item-level outcome or Not Genuine determination.
1401044258-008,Eligible for CGC holder review; investigation pending,https://www.cgccards.com/news/article/13730/,2026-08-16,The official notice publishes no item-level outcome or Not Genuine determination.
1401044258-009,Eligible for CGC holder review; investigation pending,https://www.cgccards.com/news/article/13730/,2026-08-16,The official notice publishes no item-level outcome or Not Genuine determination.
1401044258-010,Eligible for CGC holder review; investigation pending,https://www.cgccards.com/news/article/13730/,2026-08-16,The official notice publishes no item-level outcome or Not Genuine determination.
1401044258-011,Eligible for CGC holder review; investigation pending,https://www.cgccards.com/news/article/13730/,2026-08-16,The official notice publishes no item-level outcome or Not Genuine determination.
1401044258-012,Eligible for CGC holder review; investigation pending,https://www.cgccards.com/news/article/13730/,2026-08-16,The official notice publishes no item-level outcome or Not Genuine determination.
1401044258-013,Eligible for CGC holder review; investigation pending,https://www.cgccards.com/news/article/13730/,2026-08-16,The official notice publishes no item-level outcome or Not Genuine determination.
1401044258-014,Eligible for CGC holder review; investigation pending,https://www.cgccards.com/news/article/13730/,2026-08-16,The official notice publishes no item-level outcome or Not Genuine determination.
1401044258-015,Eligible for CGC holder review; investigation pending,https://www.cgccards.com/news/article/13730/,2026-08-16,The official notice publishes no item-level outcome or Not Genuine determination.
1401044258-016,Eligible for CGC holder review; investigation pending,https://www.cgccards.com/news/article/13730/,2026-08-16,The official notice publishes no item-level outcome or Not Genuine determination.
1401044258-017,Eligible for CGC holder review; investigation pending,https://www.cgccards.com/news/article/13730/,2026-08-16,The official notice publishes no item-level outcome or Not Genuine determination.
1401044258-018,Eligible for CGC holder review; investigation pending,https://www.cgccards.com/news/article/13730/,2026-08-16,The official notice publishes no item-level outcome or Not Genuine determination.
1401044258-019,Eligible for CGC holder review; investigation pending,https://www.cgccards.com/news/article/13730/,2026-08-16,The official notice publishes no item-level outcome or Not Genuine determination.
1401044258-020,Eligible for CGC holder review; investigation pending,https://www.cgccards.com/news/article/13730/,2026-08-16,The official notice publishes no item-level outcome or Not Genuine determination.
1401044258-021,Eligible for CGC holder review; investigation pending,https://www.cgccards.com/news/article/13730/,2026-08-16,The official notice publishes no item-level outcome or Not Genuine determination.
